Parent_SKU,Item_SKU,Item_Name,Brand,Item_Description,Category,Main_Image_URL,MSRP,Status,Color,Color_Hex_Value,Size,Country_Of_Origin,SourceUrl
wwg-nnt-cat01v-bkp,wwg-nnt-cat01v-bkp,"Leather Slimline Belt, black | NNT Uniforms",NNT,Shop our newest black Leather Slimline Belt. Shop today at NNT Uniforms,Belt,https://www.nnt.com.au/on/demandware.static/-/Sites-wwg-m-nnt-catalog/default/dwe582f83f/images/hi-res/cat01v_bkp_1.jpeg,39.95,Active,,,,,https://www.nnt.com.au/p/leather_slimline_belt/CAT01V-BKP.html?l=au
wwg-nnt-cat1ba-inp,wwg-nnt-cat1ba-inp,"Stretch Wool Blend 2 Button Mid-Length Jacket, navy | NNT Uniforms",NNT,Shop our newest navy Stretch Wool Blend 2 Button Mid-Length Jacket. Shop today at NNT Uniforms,Jacket,https://www.nnt.com.au/on/demandware.static/-/Sites-wwg-m-nnt-catalog/default/dwe7ff8abe/images/hi-res/cat1ba_inp_1.jpg,199.95,Active,,,,,https://www.nnt.com.au/p/stretch_wool_blend_2_button_mid-length_jacket/CAT1BA-INP.html?l=au
wwg-nnt-cat1e9-gry,wwg-nnt-cat1e9-gry,"Linen Look Half-Lined Jacket, grey | NNT Uniforms",NNT,Shop our newest grey Linen Look Half-Lined Jacket. Shop today at NNT Uniforms,Jacket,https://www.nnt.com.au/on/demandware.static/-/Sites-wwg-m-nnt-catalog/default/dw11ec4e0f/images/hi-res/cat1e9_gry_1.jpg,159.95,Active,,,,,https://www.nnt.com.au/p/linen_look_half-lined_jacket/CAT1E9-GRY.html?l=au
wwg-nnt-cat1h8-nav,wwg-nnt-cat1h8-nav,"Crepe Stretch Longline Jacket, navy | NNT Uniforms",NNT,Shop our newest navy Crepe Stretch Longline Jacket. Shop today at NNT Uniforms,Jacket,https://www.nnt.com.au/on/demandware.static/-/Sites-wwg-m-nnt-catalog/default/dw264db85c/images/hi-res/cat1h8_nav_1.jpg,189.95,Active,,,,,https://www.nnt.com.au/p/crepe_stretch_longline_jacket/CAT1H8-NAV.html?l=au
wwg-nnt-cat26a-chp,wwg-nnt-cat26a-chp,"Poly Viscose Stretch Pleat Straight Skirt, black | NNT Uniforms",NNT,Shop our newest black Poly Viscose Stretch Pleat Straight Skirt. Shop today at NNT Uniforms,Skirt/Dress,https://www.nnt.com.au/on/demandware.static/-/Sites-wwg-m-nnt-catalog/default/dw247442af/images/hi-res/cat26a_chp_1.jpg,74.95,Active,,,,,https://www.nnt.com.au/p/poly_viscose_stretch_pleat_straight_skirt/CAT26A-CHP.html?l=au
wwg-nnt-cat2mg-inp,wwg-nnt-cat2mg-inp,"Stretch Wool Blend Panel Pencil Skirt, navy | NNT Uniforms",NNT,Shop our newest navy Stretch Wool Blend Panel Pencil Skirt. Shop today at NNT Uniforms,Skirt/Dress,https://www.nnt.com.au/on/demandware.static/-/Sites-wwg-m-nnt-catalog/default/dwac5fade8/images/hi-res/cat2mg_inp_1.jpg,94.95,Active,,,,,https://www.nnt.com.au/p/stretch_wool_blend_panel_pencil_skirt/CAT2MG-INP.html?l=au
wwg-nnt-cat2nh-nav,wwg-nnt-cat2nh-nav,"Helix Dry Pencil Skirt, navy | NNT Uniforms",NNT,Shop our newest navy Helix Dry Pencil Skirt. Shop today at NNT Uniforms,Skirt/Dress,https://www.nnt.com.au/on/demandware.static/-/Sites-wwg-m-nnt-catalog/default/dw3bbaff13/images/hi-res/cat2nh_nav_1.jpg,44.95,Active,,,,,https://www.nnt.com.au/p/helix_dry_pencil_skirt/CAT2NH-NAV.html?l=au
wwg-nnt-cat2rl-bkp,wwg-nnt-cat2rl-bkp,"Stretch Cotton Chino Skirt, black | NNT Uniforms",NNT,Shop our newest black Stretch Cotton Chino Skirt. Shop today at NNT Uniforms,Skirt/Dress,https://www.nnt.com.au/on/demandware.static/-/Sites-wwg-m-nnt-catalog/default/dw238cba36/images/hi-res/cat2rl_bkp_1.jpg,54.95,Active,,,,,https://www.nnt.com.au/p/stretch_cotton_chino_skirt/CAT2RL-BKP.html?l=au
wwg-nnt-cat38z-chp,wwg-nnt-cat38z-chp,"Stretch Wool Blend Secret Waist Pant, black | NNT Uniforms",NNT,Shop our newest black Stretch Wool Blend Secret Waist Pant. Shop today at NNT Uniforms,Pant,https://www.nnt.com.au/on/demandware.static/-/Sites-wwg-m-nnt-catalog/default/dwacd49997/images/hi-res/cat38z_chp_1.jpg,104.95,Active,,,,,https://www.nnt.com.au/p/stretch_wool_blend_secret_waist_pant/CAT38Z-CHP.html?l=au
wwg-nnt-cat3km-nav,wwg-nnt-cat3km-nav,"Ponte Knit Slimline Pant, navy | NNT Uniforms",NNT,Shop our newest navy Ponte Knit Slimline Pant. Shop today at NNT Uniforms,Pant,https://www.nnt.com.au/on/demandware.static/-/Sites-wwg-m-nnt-catalog/default/dw4e6e7dfc/images/hi-res/cat3km_nav_1.jpg,79.95,Active,,,,,https://www.nnt.com.au/p/ponte_knit_slimline_pant/CAT3KM-NAV.html?l=au
wwg-nnt-cat3nr-chp,wwg-nnt-cat3nr-chp,"Curie Rollup Waist Scrub Pant, charcoal | NNT Uniforms",NNT,Shop our newest charcoal Curie Rollup Waist Scrub Pant. Shop today at NNT Uniforms,Pant,https://www.nnt.com.au/on/demandware.static/-/Sites-wwg-m-nnt-catalog/default/dwc27ae1b8/images/hi-res/cat3nr_chp_1.jpg,29.95,Active,,,,,https://www.nnt.com.au/p/curie_rollup_waist_scrub_pant/CAT3NR-CHP.html?l=au
wwg-nnt-cat3pe-inp,wwg-nnt-cat3pe-inp,"Poly Viscose Gaberdine Slim Leg Pant, navy | NNT Uniforms",NNT,Shop our newest navy Poly Viscose Gaberdine Slim Leg Pant. Shop today at NNT Uniforms,Pant,https://www.nnt.com.au/on/demandware.static/-/Sites-wwg-m-nnt-catalog/default/dw2fccd348/images/hi-res/cat3pe_inp_1.jpg,69.95,Active,,,,,https://www.nnt.com.au/p/poly_viscose_gaberdine_slim_leg_pant/CAT3PE-INP.html?l=au
wwg-nnt-cat3qf-chp,wwg-nnt-cat3qf-chp,"Poly Viscose Stretch Slim Leg Secret Waist Pant, black | NNT Uniforms",NNT,Shop our newest black Poly Viscose Stretch Slim Leg Secret Waist Pant. Shop today at NNT Uniforms,Pant,https://www.nnt.com.au/on/demandware.static/-/Sites-wwg-m-nnt-catalog/default/dwade41237/images/hi-res/cat3qf_chp_1.jpg,79.95,Active,,,,,https://www.nnt.com.au/p/poly_viscose_stretch_slim_leg_secret_waist_pant/CAT3QF-CHP.html?l=au
wwg-nnt-cat3t7-inp,wwg-nnt-cat3t7-inp,"Poly Viscose Gaberdine Flex Waist Slim Pant, navy | NNT Uniforms",NNT,Shop our newest navy Poly Viscose Gaberdine Flex Waist Slim Pant. Shop today at NNT Uniforms,Pant,https://www.nnt.com.au/on/demandware.static/-/Sites-wwg-m-nnt-catalog/default/dw5779795c/images/hi-res/cat3t7_inp_1.jpg,69.95,Active,,,,,https://www.nnt.com.au/p/p-v-gaberdine-flex-waist-slim-leg-womens-cargo-pant/CAT3T7-INP.html?l=au
wwg-nnt-cat3ve-cop,wwg-nnt-cat3ve-cop,"Next-Gen Antibacterial Active Curie Scrub Pant, blue | NNT Uniforms",NNT,Shop our newest blue Next-Gen Antibacterial Active Curie Scrub Pant. Shop today at NNT Uniforms,Pant,https://www.nnt.com.au/on/demandware.static/-/Sites-wwg-m-nnt-catalog/default/dw1d7469b3/images/hi-res/cat3ve_cop_1.jpg,49.95,Active,,,,,https://www.nnt.com.au/p/next-gen_antibacterial_active_curie_scrub_pant/CAT3VE-COP.html?l=au
wwg-nnt-cat3w6-bla,wwg-nnt-cat3w6-bla,"Next-Gen Antibacterial Active Westerman Jogger Scrub Pant, black | NNT Uniforms",NNT,Shop our newest black Next-Gen Antibacterial Active Westerman Jogger Scrub Pant. Shop today at NNT Uniforms,Pant,https://www.nnt.com.au/on/demandware.static/-/Sites-wwg-m-nnt-catalog/default/dwf755e12d/images/hi-res/cat3w6_bla_1.jpg,49.95,Active,,,,,https://www.nnt.com.au/p/next-gen_antibacterial_active_westerman_jogger_scrub_pant/CAT3W6-BLA.html?l=au
wwg-nnt-cat3xk-bkp,wwg-nnt-cat3xk-bkp,"Stretch Cotton Chino Shorts, black | NNT Uniforms",NNT,Shop our newest black Stretch Cotton Chino Shorts. Shop today at NNT Uniforms,Short,https://www.nnt.com.au/on/demandware.static/-/Sites-wwg-m-nnt-catalog/default/dw909922f6/images/hi-res/cat3xk_bkp_1.jpg,54.95,Active,,,,,https://www.nnt.com.au/p/stretch_cotton_chino_shorts/CAT3XK-BKP.html?l=au
wwg-nnt-cat3yc-bkp,wwg-nnt-cat3yc-bkp,"Crepe Stretch High Waist Cropped Pant, black | NNT Uniforms",NNT,Shop our newest black Crepe Stretch High Waist Cropped Pant. Shop today at NNT Uniforms,Pant,https://www.nnt.com.au/on/demandware.static/-/Sites-wwg-m-nnt-catalog/default/dwc067a9fc/images/hi-res/cat3yc_bkp_1.jpg,89.95,Active,,,,,https://www.nnt.com.au/p/crepe_stretch_high_waist_cropped_pant/CAT3YC-BKP.html?l=au
wwg-nnt-cat3yg-bla,wwg-nnt-cat3yg-bla,Wool Blend Twill  Secret Waist Regular Fit Pant,NNT,Commerce Cloud Storefront Reference Architecture,Pant,https://www.nnt.com.au/on/demandware.static/-/Sites-wwg-m-nnt-catalog/default/dw82acdfcd/images/hi-res/cat3yg_bla_1.jpg,109.95,Active,,,,,https://www.nnt.com.au/p/wool_blend_twill__secret_waist_regular_fit_pant/CAT3YG-BLA.html?l=au
wwg-nnt-cat3zw-pin,wwg-nnt-cat3zw-pin,Invigorate Bakken Scrub Jogger,NNT,Commerce Cloud Storefront Reference Architecture,NNT,https://www.nnt.com.au/on/demandware.static/-/Sites-wwg-m-nnt-catalog/default/dw2c93f49a/images/hi-res/cat3zw_pin_3.jpg,59.95,Active,,,,,https://www.nnt.com.au/p/invigorate_bakken_scrub_jogger/CAT3ZW-PIN.html?l=au
wwg-nnt-cat48h-bbp,wwg-nnt-cat48h-bbp,"Matt Jersey Cap Sleeve Ruffle Neck T-Top, purple | NNT Uniforms",NNT,Shop our newest purple Matt Jersey Cap Sleeve Ruffle Neck T-Top. Shop today at NNT Uniforms,Cap/Hat,https://www.nnt.com.au/on/demandware.static/-/Sites-wwg-m-nnt-catalog/default/dw797f2abc/images/hi-res/cat48h_bbp_1.jpg,24.95,Active,,,,,https://www.nnt.com.au/p/matt_jersey_cap_sleeve_ruffle_neck_t-top/CAT48H-BBP.html?l=au
wwg-nnt-cat4ab-iws,wwg-nnt-cat4ab-iws,"Poly Print Short Sleeve Action Back Shirt, blue | NNT Uniforms",NNT,Shop our newest blue Poly Print Short Sleeve Action Back Shirt. Shop today at NNT Uniforms,Short,https://www.nnt.com.au/on/demandware.static/-/Sites-wwg-m-nnt-catalog/default/dw7a983401/images/hi-res/cat4ab_iws_1.jpg,59.95,Active,,,,,https://www.nnt.com.au/p/poly_print_short_sleeve_action_back_shirt/CAT4AB-IWS.html?l=au
wwg-nnt-cat51c-ndp,wwg-nnt-cat51c-ndp,"Wool Rich V-Neck Cardigan, navy | NNT Uniforms",NNT,Shop our newest navy Wool Rich V-Neck Cardigan. Shop today at NNT Uniforms,NNT,https://www.nnt.com.au/on/demandware.static/-/Sites-wwg-m-nnt-catalog/default/dw62ee8a01/images/hi-res/cat51c_ndp_1.jpg,99.95,Active,,,,,https://www.nnt.com.au/p/wool_rich_v-neck_cardigan/CAT51C-NDP.html?l=au
wwg-nnt-cat5b2-chp,wwg-nnt-cat5b2-chp,"Merino Wool Long Line Jacket , black | NNT Uniforms",NNT,Shop our newest black Merino Wool Long Line Jacket . Shop today at NNT Uniforms,Jacket,https://www.nnt.com.au/on/demandware.static/-/Sites-wwg-m-nnt-catalog/default/dw7fabe879/images/hi-res/cat5b2_chp_c.jpg,139.95,Active,,,,,https://www.nnt.com.au/p/merino_wool_long_line_jacket_/CAT5B2-CHP.html?l=au
wwg-nnt-cat5bs-nav,wwg-nnt-cat5bs-nav,"Acrylic Vest, navy | NNT Uniforms",NNT,Shop our newest navy Acrylic Vest. Shop today at NNT Uniforms,Vest,https://www.nnt.com.au/on/demandware.static/-/Sites-wwg-m-nnt-catalog/default/dw713d3c57/images/hi-res/cat5bs_nav_1.jpg,59.95,Active,,,,,https://www.nnt.com.au/p/acrylic_vest/CAT5BS-NAV.html?l=au
wwg-nnt-cat62u-bkp,wwg-nnt-cat62u-bkp,"Crepe Stretch Short Sleeve Dress, black | NNT Uniforms",NNT,Shop our newest black Crepe Stretch Short Sleeve Dress. Shop today at NNT Uniforms,Short,https://www.nnt.com.au/on/demandware.static/-/Sites-wwg-m-nnt-catalog/default/dw203cf99c/images/hi-res/cat62u_bkp_1.jpg,129.95,Active,,,,,https://www.nnt.com.au/p/crepe_stretch_short_sleeve_dress/CAT62U-BKP.html?l=au
wwg-nnt-cat67y-ind,wwg-nnt-cat67y-ind,"Heavy Stretch Georgette Shirt Dress, navy | NNT Uniforms",NNT,Shop our newest navy Heavy Stretch Georgette Shirt Dress. Shop today at NNT Uniforms,Shirt,https://www.nnt.com.au/on/demandware.static/-/Sites-wwg-m-nnt-catalog/default/dw5437ec22/images/hi-res/cat67y_ind_1.jpg,129.95,Active,,,,,https://www.nnt.com.au/p/heavy_stretch_georgette_shirt_dress/CAT67Y-IND.html?l=au
wwg-nnt-cat69t-nav,wwg-nnt-cat69t-nav,Crepe Stretch Sleeveless Dress,NNT,Commerce Cloud Storefront Reference Architecture,Skirt/Dress,https://www.nnt.com.au/on/demandware.static/-/Sites-wwg-m-nnt-catalog/default/dwc21275ba/images/hi-res/cat69t_nav_1.jpg,139.95,Active,,,,,https://www.nnt.com.au/p/crepe_stretch_sleeveless_dress/CAT69T-NAV.html?l=au
wwg-nnt-cat748-nav,wwg-nnt-cat748-nav,"Bonded Fleece Vest, navy | NNT Uniforms",NNT,Shop our newest navy Bonded Fleece Vest. Shop today at NNT Uniforms,Vest,https://www.nnt.com.au/on/demandware.static/-/Sites-wwg-m-nnt-catalog/default/dwd3caeacb/images/hi-res/cat748_nav_1.jpg,59.95,Active,,,,,https://www.nnt.com.au/p/bonded_fleece_vest/CAT748-NAV.html?l=au
wwg-nnt-cat9r9-nht,wwg-nnt-cat9r9-nht,"Pixel Print Short Sleeve Tunic, green | NNT Uniforms",NNT,Shop our newest green Pixel Print Short Sleeve Tunic. Shop today at NNT Uniforms,Short,https://www.nnt.com.au/on/demandware.static/-/Sites-wwg-m-nnt-catalog/default/dwe0d2531a/images/hi-res/cat9r9_nht_1.jpg,54.95,Active,,,,,https://www.nnt.com.au/p/pixel_print_short_sleeve_tunic/CAT9R9-NHT.html?l=au
wwg-nnt-cat9s2-nvl,wwg-nnt-cat9s2-nvl,"Pixel Print Short Sleeve Action Back Shirt , purple | NNT Uniforms",NNT,Shop our newest purple Pixel Print Short Sleeve Action Back Shirt . Shop today at NNT Uniforms,Short,https://www.nnt.com.au/on/demandware.static/-/Sites-wwg-m-nnt-catalog/default/dwb8ae4604/images/hi-res/cat9s2_nvl_1.jpg,54.95,Active,,,,,https://www.nnt.com.au/p/pixel_print_short_sleeve_action_back_shirt_/CAT9S2-NVL.html?l=au
wwg-nnt-cat9xp-ibl,wwg-nnt-cat9xp-ibl,"Silvi Spot Print Short Sleeve Tunic, blue | NNT Uniforms",NNT,Shop our newest blue Silvi Spot Print Short Sleeve Tunic. Shop today at NNT Uniforms,Short,https://www.nnt.com.au/on/demandware.static/-/Sites-wwg-m-nnt-catalog/default/dw9f0e7722/images/hi-res/cat9xp_ibl_1.jpg,54.95,Active,,,,,https://www.nnt.com.au/p/silvi_spot_print_short_sleeve_tunic/CAT9XP-IBL.html?l=au
wwg-nnt-cat9xv-blw,wwg-nnt-cat9xv-blw,"3/4 Sleeve Shirt Stretch Cotton, black | NNT Uniforms",NNT,Shop our newest black 3/4 Sleeve Shirt Stretch Cotton. Shop today at NNT Uniforms,Shirt,https://www.nnt.com.au/on/demandware.static/-/Sites-wwg-m-nnt-catalog/default/dw822e9d11/images/hi-res/cat9xv_blw_1.jpg,29.95,Active,,,,,https://www.nnt.com.au/p/3-4-sleeve-shirt/CAT9XV-BLW.html?l=au
wwg-nnt-catb94-gry,wwg-nnt-catb94-gry,"Linen Look Half-Lined Jacket, grey | NNT Uniforms",NNT,Shop our newest grey Linen Look Half-Lined Jacket. Shop today at NNT Uniforms,Jacket,https://www.nnt.com.au/on/demandware.static/-/Sites-wwg-m-nnt-catalog/default/dw086ebe83/images/hi-res/catb94_gry_1.jpg,179.95,Active,,,,,https://www.nnt.com.au/p/linen_look_half-lined_jacket/CATB94-GRY.html?l=au
wwg-nnt-catbe9-bla,wwg-nnt-catbe9-bla,"Polar Fleece Zip Neck Pullover, black | NNT Uniforms",NNT,Shop our newest black Polar Fleece Zip Neck Pullover. Shop today at NNT Uniforms,Jumper,https://www.nnt.com.au/on/demandware.static/-/Sites-wwg-m-nnt-catalog/default/dw08f3a3d0/images/hi-res/catbe9_bla_1.jpg,49.95,Active,,,,,https://www.nnt.com.au/p/polar_fleece_zip_neck_pullover/CATBE9-BLA.html?l=au
wwg-nnt-catbeu-cha,wwg-nnt-catbeu-cha,Wool Blend Twill Tailored 2 button jacket,NNT,Commerce Cloud Storefront Reference Architecture,Jacket,https://www.nnt.com.au/on/demandware.static/-/Sites-wwg-m-nnt-catalog/default/dw5a7cb3c9/images/hi-res/catbeu_cha_1.jpg,209.95,Active,,,,,https://www.nnt.com.au/p/wool_blend_twill_tailored_2_button_jacket/CATBEU-CHA.html?l=au
wwg-nnt-catc71-inp,wwg-nnt-catc71-inp,"Poly Viscose Gaberdine Secret Waist Short, navy | NNT Uniforms",NNT,Shop our newest navy Poly Viscose Gaberdine Secret Waist Short. Shop today at NNT Uniforms,Short,https://www.nnt.com.au/on/demandware.static/-/Sites-wwg-m-nnt-catalog/default/dw754ab9ce/images/hi-res/catc71_inp_1.jpg,59.95,Active,,,,,https://www.nnt.com.au/p/poly_viscose_gaberdine_secret_waist_short/CATC71-INP.html?l=au
wwg-nnt-catcgh-blk,wwg-nnt-catcgh-blk,"Dobby Stretch Slim Leg Pant, black | NNT Uniforms",NNT,Shop our newest black Dobby Stretch Slim Leg Pant. Shop today at NNT Uniforms,Pant,https://www.nnt.com.au/on/demandware.static/-/Sites-wwg-m-nnt-catalog/default/dw1ee85fe9/images/hi-res/catcgh_blk_1.jpg,79.95,Active,,,,,https://www.nnt.com.au/p/dobby_stretch_slim_leg_pant/CATCGH-BLK.html?l=au
wwg-nnt-catcjm-grn,wwg-nnt-catcjm-grn,"Scrub Cargo Pant, green | NNT Uniforms",NNT,Shop our newest green Scrub Cargo Pant. Shop today at NNT Uniforms,Pant,https://www.nnt.com.au/on/demandware.static/-/Sites-wwg-m-nnt-catalog/default/dwf0ce7a8b/images/hi-res/catcjm_grn_1.jpg,14.95,Active,,,,,https://www.nnt.com.au/p/scrub_cargo_pant/CATCJM-GRN.html?l=au
wwg-nnt-catcnn-dst,wwg-nnt-catcnn-dst,"Stretch Cotton Chino Shorts, beige | NNT Uniforms",NNT,Shop our newest beige Stretch Cotton Chino Shorts. Shop today at NNT Uniforms,Short,https://www.nnt.com.au/on/demandware.static/-/Sites-wwg-m-nnt-catalog/default/dw8ca4efe6/images/hi-res/catcnn_dst_1.jpg,54.95,Active,,,,,https://www.nnt.com.au/p/stretch_cotton_chino_shorts/CATCNN-DST.html?l=au
wwg-nnt-catdgz-gwc,wwg-nnt-catdgz-gwc,Gingham Long Sleeve Button Down Under Collar Shirt,NNT,Commerce Cloud Storefront Reference Architecture,Shirt,https://www.nnt.com.au/on/demandware.static/-/Sites-wwg-m-nnt-catalog/default/dw655ee949/images/hi-res/catdgz_gwc_1.jpg,54.95,Active,,,,,https://www.nnt.com.au/p/gingham_long_sleeve_button_down_under_collar_shirt/CATDGZ-GWC.html?l=au
wwg-nnt-cate2b-chp,wwg-nnt-cate2b-chp,"Merino Wool V-Neck Sweater, black | NNT Uniforms",NNT,Shop our newest black Merino Wool V-Neck Sweater. Shop today at NNT Uniforms,NNT,https://www.nnt.com.au/on/demandware.static/-/Sites-wwg-m-nnt-catalog/default/dw6dbbd175/images/hi-res/cate2b_chp_1.jpg,129.95,Active,,,,,https://www.nnt.com.au/p/merino_wool_v-neck_sweater/CATE2B-CHP.html?l=au
wwg-nnt-catf2l-bla,wwg-nnt-catf2l-bla,"Polar Fleece Zip Vest, black | NNT Uniforms",NNT,Shop our newest black Polar Fleece Zip Vest. Shop today at NNT Uniforms,Vest,https://www.nnt.com.au/on/demandware.static/-/Sites-wwg-m-nnt-catalog/default/dwe17228d9/images/hi-res/catf2l_bla_1.jpg,45.95,Active,,,,,https://www.nnt.com.au/p/polar_fleece_zip_vest/CATF2L-BLA.html?l=au
wwg-nnt-catj2m-cyn,wwg-nnt-catj2m-cyn,"Antibacterial Polyface Short Sleeve Polo, blue | NNT Uniforms",NNT,Shop our newest blue Antibacterial Polyface Short Sleeve Polo. Shop today at NNT Uniforms,Short,https://www.nnt.com.au/on/demandware.static/-/Sites-wwg-m-nnt-catalog/default/dwca454156/images/hi-res/catj2m_cyn_1.jpg,29.95,Active,,,,,https://www.nnt.com.au/p/antibacterial_polyface_short_sleeve_polo/CATJ2M-CYN.html?l=au
wwg-nnt-catj2m-red,wwg-nnt-catj2m-red,"Antibacterial Polyface Short Sleeve Polo, red | NNT Uniforms",NNT,Shop our newest red Antibacterial Polyface Short Sleeve Polo. Shop today at NNT Uniforms,Short,https://www.nnt.com.au/on/demandware.static/-/Sites-wwg-m-nnt-catalog/default/dw4e832af7/images/hi-res/catj2m_red_1.jpg,29.95,Active,,,,,https://www.nnt.com.au/p/antibacterial_polyface_short_sleeve_polo/CATJ2M-RED.html?l=au
wwg-nnt-catj8v-blu,wwg-nnt-catj8v-blu,"Poly Cotton End On End Long Sleeve Shirt, blue | NNT Uniforms",NNT,Shop our newest blue Poly Cotton End On End Long Sleeve Shirt. Shop today at NNT Uniforms,Shirt,https://www.nnt.com.au/on/demandware.static/-/Sites-wwg-m-nnt-catalog/default/dw7ce72089/images/hi-res/catj8v_blu_1.jpg,49.95,Active,,,,,https://www.nnt.com.au/p/poly_cotton_end_on_end_long_sleeve_shirt/CATJ8V-BLU.html?l=au
wwg-nnt-catja4-cbl,wwg-nnt-catja4-cbl,"Textured Cotton Poly Short Sleeve Polo, black | NNT Uniforms",NNT,Shop our newest black Textured Cotton Poly Short Sleeve Polo. Shop today at NNT Uniforms,Short,https://www.nnt.com.au/on/demandware.static/-/Sites-wwg-m-nnt-catalog/default/dw0687ef52/images/hi-res/catja4_cbl_1.jpg,34.95,Active,,,,,https://www.nnt.com.au/p/textured_cotton_poly_short_sleeve_polo/CATJA4-CBL.html?l=au
wwg-nnt-catjca-whp,wwg-nnt-catjca-whp,"Stretch Twill Short Sleeve Shirt, white | NNT Uniforms",NNT,Shop our newest white Stretch Twill Short Sleeve Shirt. Shop today at NNT Uniforms,Short,https://www.nnt.com.au/on/demandware.static/-/Sites-wwg-m-nnt-catalog/default/dw45d191b1/images/hi-res/catjca_whp_1.jpg,54.95,Active,,,,,https://www.nnt.com.au/p/stretch_twill_short_sleeve_shirt/CATJCA-WHP.html?l=au
wwg-nnt-catjdd-whp,wwg-nnt-catjdd-whp,"Avignon Stretch Long Sleeve Shirt, white | NNT Uniforms",NNT,Shop our newest white Avignon Stretch Long Sleeve Shirt. Shop today at NNT Uniforms,Shirt,https://www.nnt.com.au/on/demandware.static/-/Sites-wwg-m-nnt-catalog/default/dw2d6d39df/images/hi-res/catjdd_whp_1.jpg,49.95,Active,,,,,https://www.nnt.com.au/p/avignon_stretch_long_sleeve_shirt/CATJDD-WHP.html?l=au
wwg-nnt-catjdg-nav,wwg-nnt-catjdg-nav,"Avignon Stretch Long Sleeve Slim Shirt, navy | NNT Uniforms",NNT,Shop our newest navy Avignon Stretch Long Sleeve Slim Shirt. Shop today at NNT Uniforms,Shirt,https://www.nnt.com.au/on/demandware.static/-/Sites-wwg-m-nnt-catalog/default/dwa4a3ccdf/images/hi-res/catjdg_nav_1.jpg,49.95,Active,,,,,https://www.nnt.com.au/p/avignon_stretch_long_sleeve_slim_shirt/CATJDG-NAV.html?l=au
wwg-nnt-catjjs-btc,wwg-nnt-catjjs-btc,"Polyester Knit Bush Tucker Indigenous Print Polo, black | NNT Uniforms",NNT,Shop our newest black Polyester Knit Bush Tucker Indigenous Print Polo. Shop today at NNT Uniforms,Polo,https://www.nnt.com.au/on/demandware.static/-/Sites-wwg-m-nnt-catalog/default/dwacd91db7/images/hi-res/catjjs_btc_1.jpg,52.95,Active,,,,,https://www.nnt.com.au/p/polyester_knit_bush_tucker_indigenous_print_polo/CATJJS-BTC.html?l=au
wwg-nnt-catjps-nav,wwg-nnt-catjps-nav,"Como Australian Cotton Short Sleeve Tee, navy | NNT Uniforms",NNT,Shop our newest navy Como Australian Cotton Short Sleeve Tee. Shop today at NNT Uniforms,Short,https://www.nnt.com.au/on/demandware.static/-/Sites-wwg-m-nnt-catalog/default/dw5be7c1a7/images/hi-res/catjps_nav_2.jpg,19.95,Active,,,,,https://www.nnt.com.au/p/como_australian_cotton_short_sleeve_tee/CATJPS-NAV.html?l=au
wwg-nnt-catkw9-nem,wwg-nnt-catkw9-nem,"Contrast Cotton Blend Crew Socks, navy | NNT Uniforms",NNT,Shop our newest navy Contrast Cotton Blend Crew Socks. Shop today at NNT Uniforms,NNT,https://www.nnt.com.au/on/demandware.static/-/Sites-wwg-m-nnt-catalog/default/dw4aa868b8/images/hi-res/catkw9_nem_1.jpg,17.95,Active,,,,,https://www.nnt.com.au/p/contrast_cotton_blend_crew_socks/CATKW9-NEM.html?l=au
wwg-nnt-catp85-mdn,wwg-nnt-catp85-mdn,"Jonas Bomber Jacket, navy | NNT Uniforms",NNT,Shop our newest navy Jonas Bomber Jacket. Shop today at NNT Uniforms,Jacket,https://www.nnt.com.au/on/demandware.static/-/Sites-wwg-m-nnt-catalog/default/dw6a7d25d7/images/hi-res/catp85_mdn_1.jpg,74.95,Active,,,,,https://www.nnt.com.au/p/jonas_bomber_jacket/CATP85-MDN.html?l=au
wwg-nnt-catq4f-chp,wwg-nnt-catq4f-chp,"Next-Gen Antibacterial Active Rontgen Scrub Pant, charcoal | NNT Uniforms",NNT,Shop our newest charcoal Next-Gen Antibacterial Active Rontgen Scrub Pant. Shop today at NNT Uniforms,Pant,https://www.nnt.com.au/on/demandware.static/-/Sites-wwg-m-nnt-catalog/default/dw34b846a6/images/hi-res/catq4f_chp_c.jpg,49.95,Active,,,,,https://www.nnt.com.au/p/next-gen_antibacterial_active_rontgen_scrub_pant/CATQ4F-CHP.html?l=au
wwg-nnt-catq54-nvb,wwg-nnt-catq54-nvb,Invigorate Drew Scrub Pant,NNT,Commerce Cloud Storefront Reference Architecture,Pant,https://www.nnt.com.au/on/demandware.static/-/Sites-wwg-m-nnt-catalog/default/dwe4c33a0f/images/hi-res/catq54_nvb_1.jpg,59.95,Active,,,,,https://www.nnt.com.au/p/invigorate_drew_scrub_pant/CATQ54-NVB.html?l=au
wwg-nnt-catrfr-gpt,wwg-nnt-catrfr-gpt,"Warlu Indigenous Scrub V-Neck Top, green | NNT Uniforms",NNT,Shop our newest green Warlu Indigenous Scrub V-Neck Top. Shop today at NNT Uniforms,NNT,https://www.nnt.com.au/on/demandware.static/-/Sites-wwg-m-nnt-catalog/default/dw65a9fc52/images/hi-res/catrfr_gpt_1.jpg,35.95,Active,,,,,https://www.nnt.com.au/p/warlu_indigenous_scrub_v-neck_top/CATRFR-GPT.html?l=au
wwg-nnt-catrfv-chp,wwg-nnt-catrfv-chp,"Next-Gen Antibacterial Active Carl Scrub Top, charcoal | NNT Uniforms",NNT,Shop our newest charcoal Next-Gen Antibacterial Active Carl Scrub Top. Shop today at NNT Uniforms,NNT,https://www.nnt.com.au/on/demandware.static/-/Sites-wwg-m-nnt-catalog/default/dw0c20a9fe/images/hi-res/catrfv_chp_1.jpg,45.95,Active,,,,,https://www.nnt.com.au/p/next-gen_antibacterial_active_carl_scrub_top/CATRFV-CHP.html?l=au
wwg-nnt-catrg9-tfp,wwg-nnt-catrg9-tfp,"Water Dreaming Indigenous Scrub Top, orange | NNT Uniforms",NNT,Shop our newest orange Water Dreaming Indigenous Scrub Top. Shop today at NNT Uniforms,NNT,https://www.nnt.com.au/on/demandware.static/-/Sites-wwg-m-nnt-catalog/default/dw756696fb/images/hi-res/catrg9_tfp_1.jpg,35.95,Active,,,,,https://www.nnt.com.au/p/water_dreaming_indigenous_scrub_top/CATRG9-TFP.html?l=au
wwg-nnt-catrhl-pin,wwg-nnt-catrhl-pin,Invigorate Charles Scrub Top,NNT,Commerce Cloud Storefront Reference Architecture,NNT,https://www.nnt.com.au/on/demandware.static/-/Sites-wwg-m-nnt-catalog/default/dwb986c3b4/images/hi-res/catrhl_pin_1.jpg,52.95,Active,,,,,https://www.nnt.com.au/p/invigorate_charles_scrub_top/CATRHL-PIN.html?l=au
wwg-nnt-catu2n-wht,wwg-nnt-catu2n-wht,"Satin Back Crepe Short Sleeve Shell Top, white | NNT Uniforms",NNT,Shop our newest white Satin Back Crepe Short Sleeve Shell Top. Shop today at NNT Uniforms,Short,https://www.nnt.com.au/on/demandware.static/-/Sites-wwg-m-nnt-catalog/default/dw48db0361/images/hi-res/catu2n_wht_1.jpg,69.95,Active,,,,,https://www.nnt.com.au/p/satin_back_crepe_short_sleeve_shell_top/CATU2N-WHT.html?l=au
wwg-nnt-catu58-dcp,wwg-nnt-catu58-dcp,"Antibacterial Polyface Short Sleeve Polo, black | NNT Uniforms",NNT,Shop our newest black Antibacterial Polyface Short Sleeve Polo. Shop today at NNT Uniforms,Short,https://www.nnt.com.au/on/demandware.static/-/Sites-wwg-m-nnt-catalog/default/dwa105c9ad/images/hi-res/catu58_dcp_1.jpg,29.95,Active,,,,,https://www.nnt.com.au/p/antibacterial_polyface_short_sleeve_polo/CATU58-DCP.html?l=au
wwg-nnt-catu58-wht,wwg-nnt-catu58-wht,"Antibacterial Polyface Short Sleeve Polo, white | NNT Uniforms",NNT,Shop our newest white Antibacterial Polyface Short Sleeve Polo. Shop today at NNT Uniforms,Short,https://www.nnt.com.au/on/demandware.static/-/Sites-wwg-m-nnt-catalog/default/dw1576f9d4/images/hi-res/catu58_wht_1.jpg,29.95,Active,,,,,https://www.nnt.com.au/p/antibacterial_polyface_short_sleeve_polo/CATU58-WHT.html?l=au
wwg-nnt-catu5y-mbl,wwg-nnt-catu5y-mbl,"3/4 Sleeve Shirt, dark blue | NNT Uniforms",NNT,Shop our newest dark blue 3/4 Sleeve Shirt. Shop today at NNT Uniforms,Shirt,https://www.nnt.com.au/on/demandware.static/-/Sites-wwg-m-nnt-catalog/default/dw0fa027ad/images/hi-res/catu5y_mbl_1.jpg,49.95,Active,,,,,https://www.nnt.com.au/p/dark-blue-3-4-sleeve-shirt/CATU5Y-MBL.html?l=au
wwg-nnt-catu64-tel,wwg-nnt-catu64-tel,"Soft Jersey Short Sleeve Round Neck T-Top, green | NNT Uniforms",NNT,Shop our newest green Soft Jersey Short Sleeve Round Neck T-Top. Shop today at NNT Uniforms,Short,https://www.nnt.com.au/on/demandware.static/-/Sites-wwg-m-nnt-catalog/default/dwfc1839ab/images/hi-res/catu64_tel_1.jpg,24.95,Active,,,,,https://www.nnt.com.au/p/soft_jersey_short_sleeve_round_neck_t-top/CATU64-TEL.html?l=au
wwg-nnt-catu77-nav,wwg-nnt-catu77-nav,"CoolPlus&reg; Short Sleeve Polo, navy | NNT Uniforms",NNT,Shop our newest navy CoolPlus&reg; Short Sleeve Polo. Shop today at NNT Uniforms,Short,https://www.nnt.com.au/on/demandware.static/-/Sites-wwg-m-nnt-catalog/default/dwcd5de25d/images/hi-res/catu77_nav_1.jpg,39.00,Active,,,,,https://www.nnt.com.au/p/coolplus%C2%AE_short_sleeve_polo/CATU77-NAV.html?l=au
wwg-nnt-catu88-blk,wwg-nnt-catu88-blk,"Poplin 3/4 Sleeve Shirt, black | NNT Uniforms",NNT,Shop our newest black Poplin 3/4 Sleeve Shirt. Shop today at NNT Uniforms,Shirt,https://www.nnt.com.au/on/demandware.static/-/Sites-wwg-m-nnt-catalog/default/dw1891626f/images/hi-res/catu88_blk_1.jpg,42.00,Active,,,,,https://www.nnt.com.au/p/3-4-sleeve-shirt/CATU88-BLK.html?l=au
wwg-nnt-catu94-nwc,wwg-nnt-catu94-nwc,"Long Sleeve Check Shirt, navy | NNT Uniforms",NNT,Shop our newest navy Long Sleeve Check Shirt. Shop today at NNT Uniforms,Shirt,https://www.nnt.com.au/on/demandware.static/-/Sites-wwg-m-nnt-catalog/default/dwc0075899/images/hi-res/catu94_nwc_1.jpg,29.95,Active,,,,,https://www.nnt.com.au/p/long_sleeve_check_shirt/CATU94-NWC.html?l=au
wwg-nnt-catudg-nwt,wwg-nnt-catudg-nwt,"Shell Top, navy | NNT Uniforms",NNT,Shop our newest navy Shell Top. Shop today at NNT Uniforms,NNT,https://www.nnt.com.au/on/demandware.static/-/Sites-wwg-m-nnt-catalog/default/dw272781eb/images/hi-res/catudg_nwt_1.jpg,49.95,Active,,,,,https://www.nnt.com.au/p/shell_top/CATUDG-NWT.html?l=au
wwg-nnt-catudj-cop,wwg-nnt-catudj-cop,"Poly Cotton End On End Short Sleeve Shirt, blue | NNT Uniforms",NNT,Shop our newest blue Poly Cotton End On End Short Sleeve Shirt. Shop today at NNT Uniforms,Short,https://www.nnt.com.au/on/demandware.static/-/Sites-wwg-m-nnt-catalog/default/dw0cb1c2e6/images/hi-res/catudj_cop_1.jpg,44.95,Active,,,,,https://www.nnt.com.au/p/poly_cotton_end_on_end_short_sleeve_shirt/CATUDJ-COP.html?l=au
wwg-nnt-catuf7-blw,wwg-nnt-catuf7-blw,"Antibacterial Polyface Short Sleeve Tipped Polo, black | NNT Uniforms",NNT,Shop our newest black Antibacterial Polyface Short Sleeve Tipped Polo. Shop today at NNT Uniforms,Short,https://www.nnt.com.au/on/demandware.static/-/Sites-wwg-m-nnt-catalog/default/dw9c82cf6c/images/hi-res/catuf7_blw_1.jpg,32.95,Active,,,,,https://www.nnt.com.au/p/antibacterial_polyface_short_sleeve_tipped_polo/CATUF7-BLW.html?l=au
wwg-nnt-catufa-llt,wwg-nnt-catufa-llt,"Antibacterial Petal Print Short Sleeve Top, purple | NNT Uniforms",NNT,Shop our newest purple Antibacterial Petal Print Short Sleeve Top. Shop today at NNT Uniforms,Short,https://www.nnt.com.au/on/demandware.static/-/Sites-wwg-m-nnt-catalog/default/dw9ed11f35/images/hi-res/catufa_llt_1.jpg,19.99,Active,,,,,https://www.nnt.com.au/p/antibacterial_petal_print_short_sleeve_top/CATUFA-LLT.html?l=au
wwg-nnt-catufs-bkp,wwg-nnt-catufs-bkp,"Matt Jersey Twist Neck Top, black | NNT Uniforms",NNT,Shop our newest black Matt Jersey Twist Neck Top. Shop today at NNT Uniforms,NNT,https://www.nnt.com.au/on/demandware.static/-/Sites-wwg-m-nnt-catalog/default/dwdc32b85f/images/hi-res/catufs_bkp_1.jpg,49.95,Active,,,,,https://www.nnt.com.au/p/matt_jersey_twist_neck_top/CATUFS-BKP.html?l=au
wwg-nnt-catuga-cop,wwg-nnt-catuga-cop,"Poly Cotton End On End Short Sleeve Tunic, blue | NNT Uniforms",NNT,Shop our newest blue Poly Cotton End On End Short Sleeve Tunic. Shop today at NNT Uniforms,Short,https://www.nnt.com.au/on/demandware.static/-/Sites-wwg-m-nnt-catalog/default/dw7d96682c/images/hi-res/catuga_cop_1.jpg,49.95,Active,,,,,https://www.nnt.com.au/p/poly_cotton_end_on_end_short_sleeve_tunic/CATUGA-COP.html?l=au
wwg-nnt-catuhn-bkp,wwg-nnt-catuhn-bkp,"Matt Jersey Boat Neck Top, black | NNT Uniforms",NNT,Shop our newest black Matt Jersey Boat Neck Top. Shop today at NNT Uniforms,NNT,https://www.nnt.com.au/on/demandware.static/-/Sites-wwg-m-nnt-catalog/default/dwca67cc87/images/hi-res/catuhn_bkp_1.jpg,49.95,Active,,,,,https://www.nnt.com.au/p/matt_jersey_boat_neck_top/CATUHN-BKP.html?l=au
wwg-nnt-catuhn-tet,wwg-nnt-catuhn-tet,"Matt Jersey Boat Neck Top, green | NNT Uniforms",NNT,Shop our newest green Matt Jersey Boat Neck Top. Shop today at NNT Uniforms,NNT,https://www.nnt.com.au/on/demandware.static/-/Sites-wwg-m-nnt-catalog/default/dwb3346103/images/hi-res/catuhn_tet_1.jpg,49.95,Active,,,,,https://www.nnt.com.au/p/matt_jersey_boat_neck_top/CATUHN-TET.html?l=au
wwg-nnt-catuhu-emr,wwg-nnt-catuhu-emr,"Antibacterial Petal Print Short Sleeve Tunic, green | NNT Uniforms",NNT,Shop our newest green Antibacterial Petal Print Short Sleeve Tunic. Shop today at NNT Uniforms,Short,https://www.nnt.com.au/on/demandware.static/-/Sites-wwg-m-nnt-catalog/default/dwe69e478d/images/hi-res/catuhu_emr_1.jpg,19.95,Active,,,,,https://www.nnt.com.au/p/antibacterial_petal_print_short_sleeve_tunic/CATUHU-EMR.html?l=au
wwg-nnt-catuk5-vis,wwg-nnt-catuk5-vis,"Avignon Fine Block Stripe Stretch Short Sleeve Shirt, purple | NNT Uniforms",NNT,Shop our newest purple Avignon Fine Block Stripe Stretch Short Sleeve Shirt. Shop today at NNT Uniforms,Short,https://www.nnt.com.au/on/demandware.static/-/Sites-wwg-m-nnt-catalog/default/dw59f21af9/images/hi-res/catuk5_vis_1.jpg,49.95,Active,,,,,https://www.nnt.com.au/p/avignon_fine_block_stripe_stretch_short_sleeve_shirt/CATUK5-VIS.html?l=au
wwg-nnt-catuk9-cpr,wwg-nnt-catuk9-cpr,"Avignon Abstract Print Sleeveless Shell Top, blue | NNT Uniforms",NNT,Shop our newest blue Avignon Abstract Print Sleeveless Shell Top. Shop today at NNT Uniforms,NNT,https://www.nnt.com.au/on/demandware.static/-/Sites-wwg-m-nnt-catalog/default/dw44ed8a85/images/hi-res/catuk9_cpr_1.jpg,29.95,Active,,,,,https://www.nnt.com.au/p/avignon_abstract_print_sleeveless_shell_top/CATUK9-CPR.html?l=au
wwg-nnt-catuks-cyw,wwg-nnt-catuks-cyw,"Avignon Gingham Check Stretch Long Sleeve Slim Shirt, blue | NNT Uniforms",NNT,Shop our newest blue Avignon Gingham Check Stretch Long Sleeve Slim Shirt. Shop today at NNT Uniforms,Shirt,https://www.nnt.com.au/on/demandware.static/-/Sites-wwg-m-nnt-catalog/default/dw46847736/images/hi-res/catuks_cyw_1.jpg,54.95,Active,,,,,https://www.nnt.com.au/p/avignon_gingham_check_stretch_long_sleeve_slim_shirt/CATUKS-CYW.html?l=au
wwg-nnt-catukv-gws,wwg-nnt-catukv-gws,"Avignon Fine Block Stripe Stretch 3/4 Sleeve Shirt, grey | NNT Uniforms",NNT,Shop our newest grey Avignon Fine Block Stripe Stretch 3/4 Sleeve Shirt. Shop today at NNT Uniforms,Shirt,https://www.nnt.com.au/on/demandware.static/-/Sites-wwg-m-nnt-catalog/default/dw6cd65c80/images/hi-res/catukv_gws_1.jpg,54.95,Active,,,,,https://www.nnt.com.au/p/avignon-stripe-3-4-sleeve-shirt/CATUKV-GWS.html?l=au
wwg-nnt-catuky-bkp,wwg-nnt-catuky-bkp,"Avignon Stretch 3/4 Sleeve Shirt, black | NNT Uniforms",NNT,Shop our newest black Avignon Stretch 3/4 Sleeve Shirt. Shop today at NNT Uniforms,Shirt,https://www.nnt.com.au/on/demandware.static/-/Sites-wwg-m-nnt-catalog/default/dwec6bf587/images/hi-res/catuky_bkp_1.jpg,49.95,Active,,,,,https://www.nnt.com.au/p/black-avignon-3-4-sleeve-shirt/CATUKY-BKP.html?l=au
wwg-nnt-catul2-nav,wwg-nnt-catul2-nav,"Georgie Tie Neck Blouse, navy | NNT Uniforms",NNT,Shop our newest navy Georgie Tie Neck Blouse. Shop today at NNT Uniforms,NNT,https://www.nnt.com.au/on/demandware.static/-/Sites-wwg-m-nnt-catalog/default/dw8b8bf001/images/hi-res/catul2_nav_1.jpg,62.95,Active,,,,,https://www.nnt.com.au/p/georgie_tie_neck_blouse/CATUL2-NAV.html?l=au
wwg-nnt-catulm-cop,wwg-nnt-catulm-cop,"Next-Gen Antibacterial Active Florence Scrub Top, blue | NNT Uniforms",NNT,Shop our newest blue Next-Gen Antibacterial Active Florence Scrub Top. Shop today at NNT Uniforms,NNT,https://www.nnt.com.au/on/demandware.static/-/Sites-wwg-m-nnt-catalog/default/dwb4ffc9c3/images/hi-res/catulm_cop_1.jpg,45.95,Active,,,,,https://www.nnt.com.au/p/next-gen_antibacterial_active_florence_scrub_top/CATULM-COP.html?l=au
wwg-nnt-catumm-cop,wwg-nnt-catumm-cop,"Next-Gen Antibacterial Active Blackburn Mandarin Collar Scrub Top, blue | NNT Uniforms",NNT,Shop our newest blue Next-Gen Antibacterial Active Blackburn Mandarin Collar Scrub Top. Shop today at NNT Uniforms,NNT,https://www.nnt.com.au/on/demandware.static/-/Sites-wwg-m-nnt-catalog/default/dw971dea2a/images/hi-res/catumm_cop_c.jpg,45.95,Active,,,,,https://www.nnt.com.au/p/next-gen_antibacterial_active_blackburn_mandarin_collar_scrub_top/CATUMM-COP.html?l=au
wwg-nnt-catupm-wht,wwg-nnt-catupm-wht,"French Georgette 3/4 Sleeve Top, white | NNT Uniforms",NNT,Shop our newest white French Georgette 3/4 Sleeve Top. Shop today at NNT Uniforms,NNT,https://www.nnt.com.au/on/demandware.static/-/Sites-wwg-m-nnt-catalog/default/dw4113b691/images/hi-res/catupm_wht_1.jpg,74.95,Active,,,,,https://www.nnt.com.au/p/french_georgette_3%2F4_sleeve_top/CATUPM-WHT.html?l=au
wwg-nnt-catuqw-bkp,wwg-nnt-catuqw-bkp,"Matt Jersey Short Sleeve Swing Top, black | NNT Uniforms",NNT,Shop our newest black Matt Jersey Short Sleeve Swing Top. Shop today at NNT Uniforms,Short,https://www.nnt.com.au/on/demandware.static/-/Sites-wwg-m-nnt-catalog/default/dw1f5b0dc1/images/hi-res/catuqw_bkp_1.jpg,49.95,Active,,,,,https://www.nnt.com.au/p/matt_jersey_short_sleeve_swing_top/CATUQW-BKP.html?l=au
wwg-nnt-catuqz-nav,wwg-nnt-catuqz-nav,"Silvi Spot Print Short Sleeve Top, navy | NNT Uniforms",NNT,Shop our newest navy Silvi Spot Print Short Sleeve Top. Shop today at NNT Uniforms,Short,https://www.nnt.com.au/on/demandware.static/-/Sites-wwg-m-nnt-catalog/default/dwd5e4d28e/images/hi-res/catuqz_nav_1.jpg,54.95,Active,,,,,https://www.nnt.com.au/p/silvi_spot_print_short_sleeve_top/CATUQZ-NAV.html?l=au
wwg-nnt-catusz-ltb,wwg-nnt-catusz-ltb,"Cotton Chambray Long Sleeve Relaxed Shirt, blue | NNT Uniforms",NNT,Shop our newest blue Cotton Chambray Long Sleeve Relaxed Shirt. Shop today at NNT Uniforms,Shirt,https://www.nnt.com.au/on/demandware.static/-/Sites-wwg-m-nnt-catalog/default/dw8ea0d50d/images/hi-res/catusz_ltb_1.jpg,45.95,Active,,,,,https://www.nnt.com.au/p/cotton_chambray_long_sleeve_relaxed_shirt/CATUSZ-LTB.html?l=au
wwg-nnt-catuxt-nav,wwg-nnt-catuxt-nav,"Eva Australian Cotton Short Sleeve Tee, navy | NNT Uniforms",NNT,Shop our newest navy Eva Australian Cotton Short Sleeve Tee. Shop today at NNT Uniforms,Short,https://www.nnt.com.au/on/demandware.static/-/Sites-wwg-m-nnt-catalog/default/dwefdf2e85/images/hi-res/catuxt_nav_7.jpg,19.95,Active,,,,,https://www.nnt.com.au/p/eva_australian_cotton_short_sleeve_tee/CATUXT-NAV.html?l=au
wwg-hardyakka-y00010,wwg-hardyakka-y00010,Cotton Drill Coverall,Hard Yakka,"Shop our Cotton Drill Coverall as well as the latest men's and women's work clothes, work boots, accessories and more. Shop today at Hard Yakka Australia",Coverall,https://www.hardyakka.com/dw/image/v2/BJCV_PRD/on/demandware.static/-/Sites-wwg-m-hardyakka-catalog/default/dw78af72dc/images/hi-res/y00010_nav_1.jpg?sw=1024&sh=1024,119.95,Active,,,,,https://www.hardyakka.com/au/p/cotton_drill_coverall/Y00010.html
wwg-hardyakka-y00030,wwg-hardyakka-y00030,Lightweight Cotton Drill Coverall,Hard Yakka,"Shop our Lightweight Cotton Drill Coverall as well as the latest men's and women's work clothes, work boots, accessories and more. Shop today at Hard Yakka Australia",Coverall,https://www.hardyakka.com/dw/image/v2/BJCV_PRD/on/demandware.static/-/Sites-wwg-m-hardyakka-catalog/default/dwb7609b42/images/hi-res/y00030_kha_1.jpg?sw=1024&sh=1024,109.95,Active,,,,,https://www.hardyakka.com/au/p/l-weight-drill-coverall/Y00030.html
wwg-hardyakka-y01010,wwg-hardyakka-y01010,Bib & Brace Cross Back Cotton Overall,Hard Yakka,"Shop our Bib & Brace Cross Back Cotton Overall as well as the latest men's and women's work clothes, work boots, accessories and more. Shop today at Hard Yakka Australia",Overalls,https://www.hardyakka.com/dw/image/v2/BJCV_PRD/on/demandware.static/-/Sites-wwg-m-hardyakka-catalog/default/dw23676ac1/images/hi-res/y01010_kha_1.jpg?sw=1024&sh=1024,109.95,Active,,,,,https://www.hardyakka.com/au/p/bib_and_brace_cross_back_cotton_overall/Y01010.html
wwg-hardyakka-y01526,wwg-hardyakka-y01526,Hi-Vis 2Tone Action Back Cotton Drill Overall,Hard Yakka,Shop our Hi Vis 2Tone Drill Action Back Overall. Elastic straps & elasticised back waist. Multiple pockets. Shop today at Hard Yakka Australia,Hi-Vis,https://www.hardyakka.com/dw/image/v2/BJCV_PRD/on/demandware.static/-/Sites-wwg-m-hardyakka-catalog/default/dw8b4776ea/images/hi-res/y01526_ona_1.jpg?sw=1024&sh=1024,109.95,Active,,,,,https://www.hardyakka.com/au/p/hi-vis_2tone_action_back_cotton_drill_overall/Y01526.html
wwg-hardyakka-y02014,wwg-hardyakka-y02014,Edge Ripstop Pants,Hard Yakka,"Shop our Edge Ripstop Pants as well as the latest men's and women's work clothes, work boots, accessories and more. Shop today at Hard Yakka Australia",Pant,https://www.hardyakka.com/dw/image/v2/BJCV_PRD/on/demandware.static/-/Sites-wwg-m-hardyakka-catalog/default/dwd921cfc2/images/hi-res/y02014_bla_1.jpg?sw=1024&sh=1024,79.95,Active,,,,,https://www.hardyakka.com/au/p/edge_ripstop_pants/Y02014.html
wwg-hardyakka-y02202,wwg-hardyakka-y02202,Legends Cotton Cargo Pant,Hard Yakka,"Shop our Legends Cotton Cargo Pant as well as the latest men's and women's work clothes, work boots, accessories and more. Shop today at Hard Yakka Australia",Pant,https://www.hardyakka.com/dw/image/v2/BJCV_PRD/on/demandware.static/-/Sites-wwg-m-hardyakka-catalog/default/dwf9c3aae4/images/hi-res/y02202_bla_1.jpg?sw=1024&sh=1024,89.95,Active,,,,,https://www.hardyakka.com/au/p/legends_cotton_cargo_pant/Y02202.html
wwg-hardyakka-y02205,wwg-hardyakka-y02205,X Range Pant,Hard Yakka,"Shop our X Range Pant as well as the latest men's and women's work clothes, work boots, accessories and more. Shop today at Hard Yakka Australia",Pant,https://www.hardyakka.com/dw/image/v2/BJCV_PRD/on/demandware.static/-/Sites-wwg-m-hardyakka-catalog/default/dw39be0962/images/hi-res/y02205_bla_1.jpg?sw=1024&sh=1024,99.95,Active,,,,,https://www.hardyakka.com/au/p/x_range_pant/Y02205.html
wwg-hardyakka-y02255,wwg-hardyakka-y02255,3056 Ripstop Slim Fit Cotton Cargo Pant,Hard Yakka,"Shop our 3056 Ripstop Slim Fit Cotton Cargo Pant as well as the latest men's and women's work clothes, work boots, accessories and more. Shop today at Hard Yakka Australia",Pant,https://www.hardyakka.com/dw/image/v2/BJCV_PRD/on/demandware.static/-/Sites-wwg-m-hardyakka-catalog/default/dw5a01bca5/images/hi-res/y02255_bla_1.jpg?sw=1024&sh=1024,99.95,Active,,,,,https://www.hardyakka.com/au/p/3056_ripstop_slim_fit_cotton_cargo_pant/Y02255.html
wwg-hardyakka-y02411,wwg-hardyakka-y02411,Cargo Cuffed Pant With Tape,Hard Yakka,Shop our Cargo Cuffed Pant With Tape. Darted back waist for shaping. Reflective tape above & below knee. Shop today at Hard Yakka Australia,Pant,https://www.hardyakka.com/dw/image/v2/BJCV_PRD/on/demandware.static/-/Sites-wwg-m-hardyakka-catalog/default/dwcded56ed/images/hi-res/y02411_nav_1.jpg?sw=1024&sh=1024,79.95,Active,,,,,https://www.hardyakka.com/au/p/cargo_cuffed_pant_with_tape/Y02411.html
wwg-hardyakka-y02501,wwg-hardyakka-y02501,Cotton Drill Relaxed Fit Pant,Hard Yakka,"Shop our Cotton Drill Relaxed Fit Pant as well as the latest men's and women's work clothes, work boots, accessories and more. Shop today at Hard Yakka Australia",Pant,https://www.hardyakka.com/dw/image/v2/BJCV_PRD/on/demandware.static/-/Sites-wwg-m-hardyakka-catalog/default/dw33cf3c3d/images/hi-res/y02501_grn_1.jpg?sw=1024&sh=1024,64.95,Active,,,,,https://www.hardyakka.com/au/p/cotton_drill_relaxed_fit_pant/Y02501.html
wwg-hardyakka-y02540,wwg-hardyakka-y02540,Core Taped Cotton Drill Pant,Hard Yakka,"Shop our Core Taped Cotton Drill Pant as well as the latest men's and women's work clothes, work boots, accessories and more. Shop today at Hard Yakka Australia",Pant,https://www.hardyakka.com/dw/image/v2/BJCV_PRD/on/demandware.static/-/Sites-wwg-m-hardyakka-catalog/default/dw8c4d212c/images/hi-res/y02540_nav_1.jpg?sw=1024&sh=1024,64.95,Active,,,,,https://www.hardyakka.com/au/p/core_taped_cotton_drill_pant/Y02540.html
wwg-hardyakka-y02575,wwg-hardyakka-y02575,Core Cotton Cargo Drill Taped Pant,Hard Yakka,Shop our Core Cargo Drill Taped Pant. Slanted front pockets and darted back waist for comfort fit. Reflectec Tape. Shop today at Hard Yakka Australia,Pant,https://www.hardyakka.com/dw/image/v2/BJCV_PRD/on/demandware.static/-/Sites-wwg-m-hardyakka-catalog/default/dw70bd392a/images/hi-res/y02575_nav_1.jpg?sw=1024&sh=1024,69.95,Active,,,,,https://www.hardyakka.com/au/p/core_cotton_cargo_drill_taped_pant/Y02575.html
wwg-hardyakka-y02594,wwg-hardyakka-y02594,Permanent Press Plain Front Pant,Hard Yakka,"Permanent Press Plain Front Pant. Bionic and Supercrease finishes repel oil, water and stains. Expandable waistband. Shop today at Hard Yakka Australia",Pant,https://www.hardyakka.com/dw/image/v2/BJCV_PRD/on/demandware.static/-/Sites-wwg-m-hardyakka-catalog/default/dwd17b4d15/images/hi-res/y02594_bla_1.jpg?sw=1024&sh=1024,64.95,Active,,,,,https://www.hardyakka.com/au/p/permanent_press_plain_front_pant/Y02594.html
wwg-hardyakka-y02615,wwg-hardyakka-y02615,Double Hoop Tape Cotton Drill Pant,Hard Yakka,Shop our Drill Pant W/Double Hoop Tape. Red internal waistband binding and stitching. Relaxed fit with front pleat. Shop today at Hard Yakka Australia,Pant,https://www.hardyakka.com/dw/image/v2/BJCV_PRD/on/demandware.static/-/Sites-wwg-m-hardyakka-catalog/default/dwec1e5039/images/hi-res/y02615_nav_1.jpg?sw=1024&sh=1024,69.95,Active,,,,,https://www.hardyakka.com/au/p/drill-pant-w-double-hoop-tape/Y02615.html
wwg-hardyakka-y02740,wwg-hardyakka-y02740,Legends Slim Fit Stretch Work Pant,Hard Yakka,"Shop our Legends Slim Fit Stretch Work Pant as well as the latest men's and women's work clothes, work boots, accessories and more. Shop today at Hard Yakka Australia",Pant,https://www.hardyakka.com/dw/image/v2/BJCV_PRD/on/demandware.static/-/Sites-wwg-m-hardyakka-catalog/default/dw9a1f2ccf/images/hi-res/y02740_bla_1.jpg?sw=1024&sh=1024,89.95,Active,,,,,https://www.hardyakka.com/au/p/legends_slim_fit_stretch_work_pant/Y02740.html
wwg-hardyakka-y02906,wwg-hardyakka-y02906,Legends Lightweight Cotton Work Pant,Hard Yakka,Shop our Legends Lightweight pant. Cordura reinforcement on key abrasion zones such as knees and pockets. Shop today at Hard Yakka Australia,Pant,https://www.hardyakka.com/dw/image/v2/BJCV_PRD/on/demandware.static/-/Sites-wwg-m-hardyakka-catalog/default/dw80d55c6f/images/hi-res/y02906_nav_1.jpg?sw=1024&sh=1024,89.95,Active,,,,,https://www.hardyakka.com/au/p/legends_lightweight_cotton_work_pant/Y02906.html
wwg-hardyakka-y03041,wwg-hardyakka-y03041,Legends Tough Cotton Cargo Jeans,Hard Yakka,"Shop our Legends Tough Cotton Cargo Jeans as well as the latest men's and women's work clothes, work boots, accessories and more. Shop today at Hard Yakka Australia",Hard Yakka,https://www.hardyakka.com/dw/image/v2/BJCV_PRD/on/demandware.static/-/Sites-wwg-m-hardyakka-catalog/default/dw81a58e71/images/hi-res/y03041_bub_1.jpg?sw=1024&sh=1024,99.95,Active,,,,,https://www.hardyakka.com/au/p/legends_tough_cotton_cargo_jeans/Y03041.html
wwg-hardyakka-y03058,wwg-hardyakka-y03058,Mustang Signature Jeans - Stonewash,Hard Yakka,"Shop our Mustang Signature Jeans - Stonewash as well as the latest men's and women's work clothes, work boots, accessories and more. Shop today at Hard Yakka Australia",Hard Yakka,https://www.hardyakka.com/dw/image/v2/BJCV_PRD/on/demandware.static/-/Sites-wwg-m-hardyakka-catalog/default/dw361364f4/images/hi-res/y03058_stw_1.jpg?sw=1024&sh=1024,89.95,Active,,,,,https://www.hardyakka.com/au/p/mustang_signature_jeans_-_stonewash/Y03058.html
wwg-hardyakka-y03513,wwg-hardyakka-y03513,Enzyme Washed Straight Leg Taped Denim Jeans,Hard Yakka,Shop our Enzyme Washed Taped Denim Jean. Reinforced & riveted stress points for durability. Enzyme washed. Shop today at Hard Yakka Australia,Hard Yakka,https://www.hardyakka.com/dw/image/v2/BJCV_PRD/on/demandware.static/-/Sites-wwg-m-hardyakka-catalog/default/dwe5ff5812/images/hi-res/y03513_nav_1.jpg?sw=1024&sh=1024,99.95,Active,,,,,https://www.hardyakka.com/au/p/enzyme_washed_straight_leg_taped_denim_jeans/Y03513.html
wwg-hardyakka-y04004,wwg-hardyakka-y04004,Mustang Closed Front Workshirt,Hard Yakka,"Shop our Mustang Closed Front Workshirt as well as the latest men's and women's work clothes, work boots, accessories and more. Shop today at Hard Yakka Australia",Hard Yakka,https://www.hardyakka.com/dw/image/v2/BJCV_PRD/on/demandware.static/-/Sites-wwg-m-hardyakka-catalog/default/dwc74b2a02/images/hi-res/y04004_cob_1.jpg?sw=1024&sh=1024,39.95,Active,,,,,https://www.hardyakka.com/au/p/mustang_closed_front_workshirt/Y04004.html
wwg-hardyakka-y04265,wwg-hardyakka-y04265,Biomotion Hi-Vis Taped Cotton Shirt,Hard Yakka,"Shop our Biomotion Hi Vis Taped Shirt. Reflectec 50mm retro reflective tape, in Vic Rail and Biomotion configuration. Shop today at Hard Yakka Australia",Shirt,https://www.hardyakka.com/dw/image/v2/BJCV_PRD/on/demandware.static/-/Sites-wwg-m-hardyakka-catalog/default/dw0256d8b4/images/hi-res/y04265_spo_1.jpg?sw=1024&sh=1024,79.95,Active,,,,,https://www.hardyakka.com/au/p/biomotion_hi-vis_taped_cotton_shirt/Y04265.html
wwg-hardyakka-y04605,wwg-hardyakka-y04605,Core Hi-Vis Long Sleeve Heavyweight Cotton Drill Shirt,Hard Yakka,Shop our Core Hi Vis L/Sl H/Weight 2Tone Shirt. Relaxed Fit. Bartacked for extra strength. High visibility compliant. Shop today at Hard Yakka Australia,Shirt,https://www.hardyakka.com/dw/image/v2/BJCV_PRD/on/demandware.static/-/Sites-wwg-m-hardyakka-catalog/default/dw1dc7ffdd/images/hi-res/y04605_ona_1.jpg?sw=1024&sh=1024,59.95,Active,,,,,https://www.hardyakka.com/au/p/core_hi-vis_long_sleeve_heavyweight_cotton_drill_shirt/Y04605.html
wwg-hardyakka-y04620,wwg-hardyakka-y04620,Core Hi-Vis Light Weight Vented Short Sleeve Cotton Shirt,Hard Yakka,Shop our Core Hi Vis 2 Tone L/Weight Vented Shirt. Relaxed Fit. High visibility compliant. AS/NZS 4602.1:2011. Shop today at Hard Yakka Australia,Short,https://www.hardyakka.com/dw/image/v2/BJCV_PRD/on/demandware.static/-/Sites-wwg-m-hardyakka-catalog/default/dw0879d6e6/images/hi-res/y04620_ona_1.jpg?sw=1024&sh=1024,54.95,Active,,,,,https://www.hardyakka.com/au/p/core-hi-vis-2-tone-l-weight-vented-shirt/Y04620.html
wwg-hardyakka-y05028,wwg-hardyakka-y05028,Edge Ripstop Shorts,Hard Yakka,"Shop our Edge Ripstop Shorts as well as the latest men's and women's work clothes, work boots, accessories and more. Shop today at Hard Yakka Australia",Short,https://www.hardyakka.com/dw/image/v2/BJCV_PRD/on/demandware.static/-/Sites-wwg-m-hardyakka-catalog/default/dw309b3132/images/hi-res/y05028_bla_1.jpg?sw=1024&sh=1024,69.95,Active,,,,,https://www.hardyakka.com/au/p/edge_ripstop_shorts/Y05028.html
wwg-hardyakka-y05067,wwg-hardyakka-y05067,Core Relaxed Fit Stretch Cotton Work Cargo Short,Hard Yakka,Shop our Core Stretch Cargo Short. Relaxed Fit. Reinforced bar tacks for extra toughness. Multiple storage pockets. Shop today at Hard Yakka Australia,Short,https://www.hardyakka.com/dw/image/v2/BJCV_PRD/on/demandware.static/-/Sites-wwg-m-hardyakka-catalog/default/dwfac8dd26/images/hi-res/y05067_bla_1.jpg?sw=1024&sh=1024,54.95,Active,,,,,https://www.hardyakka.com/au/p/core_relaxed_fit_stretch_cotton_work_cargo_short/Y05067.html
wwg-hardyakka-y05160,wwg-hardyakka-y05160,3056 Raptor Rip Resistant Mid Length Short,Hard Yakka,"Shop our 3056 Raptor Rip Resistant Mid Length Short as well as the latest men's and women's work clothes, work boots, accessories and more. Shop today at Hard Yakka Australia",Short,https://www.hardyakka.com/dw/image/v2/BJCV_PRD/on/demandware.static/-/Sites-wwg-m-hardyakka-catalog/default/dw11f3af6f/images/hi-res/Y05160_BLA_1-temp.jpg?sw=1024&sh=1024,69.95,Active,,,,,https://www.hardyakka.com/au/p/3056_raptor_rip_resistant_mid_length_short/Y05160.html
wwg-hardyakka-y05164,wwg-hardyakka-y05164,ToughMaxx Short Short,Hard Yakka,"Shop our ToughMaxx Short Short as well as the latest men's and women's work clothes, work boots, accessories and more. Shop today at Hard Yakka Australia",Short,https://www.hardyakka.com/dw/image/v2/BJCV_PRD/on/demandware.static/-/Sites-wwg-m-hardyakka-catalog/default/dwbdcfb3a0/images/hi-res/y05164_bla_1.jpg?sw=1024&sh=1024,54.95,Active,,,,,https://www.hardyakka.com/au/p/toughmaxx_short_short/Y05164.html
wwg-hardyakka-y05167,wwg-hardyakka-y05167,X Range Mid Short ,Hard Yakka,"Shop our X Range Mid Short as well as the latest men's and women's work clothes, work boots, accessories and more. Shop today at Hard Yakka Australia",Short,https://www.hardyakka.com/dw/image/v2/BJCV_PRD/on/demandware.static/-/Sites-wwg-m-hardyakka-catalog/default/dw180a4f91/images/hi-res/y05167_bla_1.jpg?sw=1024&sh=1024,79.95,Active,,,,,https://www.hardyakka.com/au/p/x_range_mid_short_/Y05167.html
wwg-hardyakka-y05340,wwg-hardyakka-y05340,Relaxed Fit Cotton Drill Short With Side Tabs,Hard Yakka,Shop our Drill Short With Side Tabs. Multiple pockets for all storage needs. Relaxed fit. 100% Cotton Drill. Shop today at Hard Yakka Australia,Short,https://www.hardyakka.com/dw/image/v2/BJCV_PRD/on/demandware.static/-/Sites-wwg-m-hardyakka-catalog/default/dw8fcabd8d/images/hi-res/y05340_kha_1.jpg?sw=1024&sh=1024,54.95,Active,,,,,https://www.hardyakka.com/au/p/relaxed_fit_cotton_drill_short_with_side_tabs/Y05340.html
wwg-hardyakka-y05545,wwg-hardyakka-y05545,Relaxed Fit Elastic Waist Cotton Drill Short,Hard Yakka,"Shop our Relaxed Fit Elastic Waist Cotton Drill Short as well as the latest men's and women's work clothes, work boots, accessories and more. Shop today at Hard Yakka Australia",Short,https://www.hardyakka.com/dw/image/v2/BJCV_PRD/on/demandware.static/-/Sites-wwg-m-hardyakka-catalog/default/dwc927641d/images/hi-res/y05545_nav_1.jpg?sw=1024&sh=1024,44.95,Active,,,,,https://www.hardyakka.com/au/p/relaxed_fit_elastic_waist_cotton_drill_short/Y05545.html
wwg-hardyakka-y06057,wwg-hardyakka-y06057,Hi-Vis 4-In-1 Taped Wet Weather Jacket,Hard Yakka,Shop our Hi Vis 4 In 1 Taped Jacket. Reversible inner vest. Waterproof and seam sealed. 50mm reflective tape. Shop today at Hard Yakka Australia,Jacket,https://www.hardyakka.com/dw/image/v2/BJCV_PRD/on/demandware.static/-/Sites-wwg-m-hardyakka-catalog/default/dw019724d8/images/hi-res/y06057_ona_1.jpg?sw=1024&sh=1024,149.95,Active,,,,,https://www.hardyakka.com/au/p/hi-vis_4-in-1_taped_wet_weather_jacket/Y06057.html
wwg-hardyakka-y06430,wwg-hardyakka-y06430,Mustang Outback Canvas Jacket,Hard Yakka,"Shop our Mustang Outback Canvas Jacket as well as the latest men's and women's work clothes, work boots, accessories and more. Shop today at Hard Yakka Australia",Jacket,https://www.hardyakka.com/dw/image/v2/BJCV_PRD/on/demandware.static/-/Sites-wwg-m-hardyakka-catalog/default/dw4e4e4bbb/images/hi-res/y06430_dtn_1.jpg?sw=1024&sh=1024,159.95,Active,,,,,https://www.hardyakka.com/au/p/mustang_outback_canvas_jacket/Y06430.html
wwg-hardyakka-y06670,wwg-hardyakka-y06670,Core Hi-Vis 2 Tone Waterproof Bomber Jacket,Hard Yakka,Shop our Core Hi Vis 2Tone Bomber Jacket. Waterproof and seam sealed. Quilted lining for warmth. 3 piece hood. Shop today at Hard Yakka Australia,Jacket,https://www.hardyakka.com/dw/image/v2/BJCV_PRD/on/demandware.static/-/Sites-wwg-m-hardyakka-catalog/default/dwc66fc1c9/images/hi-res/y06670_ona_1.jpg?sw=1024&sh=1024,79.95,Active,,,,,https://www.hardyakka.com/au/p/core_hi-vis_2_tone_waterproof_bomber_jacket/Y06670.html
wwg-hardyakka-y06680,wwg-hardyakka-y06680,Waterproof Bomber Jacket,Hard Yakka,"Shop our Waterproof Bomber Jacket as well as the latest men's and women's work clothes, work boots, accessories and more. Shop today at Hard Yakka Australia",Jacket,https://www.hardyakka.com/dw/image/v2/BJCV_PRD/on/demandware.static/-/Sites-wwg-m-hardyakka-catalog/default/dw8eb2cbd3/images/hi-res/y06680_bla_1.jpg?sw=1024&sh=1024,79.95,Active,,,,,https://www.hardyakka.com/au/p/waterproof_bomber_jacket/Y06680.html
wwg-hardyakka-y06691,wwg-hardyakka-y06691,Quilted Solid Shacket,Hard Yakka,"Shop our Quilted Solid Shacket as well as the latest men's and women's work clothes, work boots, accessories and more. Shop today at Hard Yakka Australia",Hard Yakka,https://www.hardyakka.com/dw/image/v2/BJCV_PRD/on/demandware.static/-/Sites-wwg-m-hardyakka-catalog/default/dw683f8895/images/hi-res/y06691_bla_1.jpg?sw=1024&sh=1024,119.95,Active,,,,,https://www.hardyakka.com/au/p/quilted_solid_shacket/Y06691.html
wwg-hardyakka-y07227,wwg-hardyakka-y07227,Hi-Vis Cotton Drill Long Sleeve Taped Shirt,Hard Yakka,Shop our Hi Vis Drill L/Sl Taped Shirt. Fade Shade Indicator for high visibility non-compliance. 50mm reflective tape. Shop today at Hard Yakka Australia,Shirt,https://www.hardyakka.com/dw/image/v2/BJCV_PRD/on/demandware.static/-/Sites-wwg-m-hardyakka-catalog/default/dw9bbe9061/images/hi-res/y07227_nav_1.jpg?sw=1024&sh=1024,69.95,Active,,,,,https://www.hardyakka.com/au/p/hi-vis-drill-l-sl-taped-shirt/Y07227.html
wwg-hardyakka-y07510,wwg-hardyakka-y07510,Short Sleeve Open Front Cotton Drill Work Shirt,Hard Yakka,"Shop our Short Sleeve Open Front Cotton Drill Work Shirt as well as the latest men's and women's work clothes, work boots, accessories and more. Shop today at Hard Yakka Australia",Short,https://www.hardyakka.com/dw/image/v2/BJCV_PRD/on/demandware.static/-/Sites-wwg-m-hardyakka-catalog/default/dw042203b3/images/hi-res/y07510_grn_1.jpg?sw=1024&sh=1024,59.95,Active,,,,,https://www.hardyakka.com/au/p/cotton-drill-s-sl-shirt/Y07510.html
wwg-hardyakka-y07540,wwg-hardyakka-y07540,Short Sleeve Closed Front Cotton Drill Work Shirt,Hard Yakka,"Shop our Short Sleeve Closed Front Cotton Drill Work Shirt as well as the latest men's and women's work clothes, work boots, accessories and more. Shop today at Hard Yakka Australia",Short,https://www.hardyakka.com/dw/image/v2/BJCV_PRD/on/demandware.static/-/Sites-wwg-m-hardyakka-catalog/default/dwb7fd11f5/images/hi-res/y07540_grn_1.jpg?sw=1024&sh=1024,59.95,Active,,,,,https://www.hardyakka.com/au/p/s-l-closed-front-shirt/Y07540.html
wwg-hardyakka-y07591,wwg-hardyakka-y07591,Short Sleeve Permanent Press Shirt,Hard Yakka,Shop our S/Sl Permanent Press Shirt. Box pleat for freedom of movement. 65% polyester 35% cotton fabric. Shop today at Hard Yakka Australia,Short,https://www.hardyakka.com/dw/image/v2/BJCV_PRD/on/demandware.static/-/Sites-wwg-m-hardyakka-catalog/default/dw1cd0e3f8/images/hi-res/y07591_nav_1.jpg?sw=1024&sh=1024,54.95,Active,,,,,https://www.hardyakka.com/au/p/s-sl-permanent-press-shirt/Y07591.html
wwg-hardyakka-y07753,wwg-hardyakka-y07753,Heritage Canvas Shirt,Hard Yakka,"Shop our Heritage Canvas Shirt as well as the latest men's and women's work clothes, work boots, accessories and more. Shop today at Hard Yakka Australia",Shirt,https://www.hardyakka.com/dw/image/v2/BJCV_PRD/on/demandware.static/-/Sites-wwg-m-hardyakka-catalog/default/dwf09eb47f/images/hi-res/y07753_bla_1.jpg?sw=1024&sh=1024,79.95,Active,,,,,https://www.hardyakka.com/au/p/heritage_canvas_shirt/Y07753.html
wwg-hardyakka-y07899,wwg-hardyakka-y07899,Hi-Vis Closed Front Taped Long Sleeve Cotton Drill Shirt,Hard Yakka,Shop our Hi Vis Closed Front Drill L/Sl Taped Shirt. Fade Shade Indicator for high visibility non-compliance. Shop today at Hard Yakka Australia,Shirt,https://www.hardyakka.com/dw/image/v2/BJCV_PRD/on/demandware.static/-/Sites-wwg-m-hardyakka-catalog/default/dw9415d1ed/images/hi-res/y07899_sor_1.jpg?sw=1024&sh=1024,79.95,Active,,,,,https://www.hardyakka.com/au/p/hi-vis_closed_front_taped_long_sleeve_cotton_drill_shirt/Y07899.html
wwg-hardyakka-y07978,wwg-hardyakka-y07978,Core Hi-Vis 2 Tone Vented Taped Long Sleeve Cotton Shirt,Hard Yakka,Shop our Koolgear Hi Vis 2Tone Vented Taped Shirt. 50mm reflective tape. Vented back yoke & shoulders. Shop today at Hard Yakka Australia,Shirt,https://www.hardyakka.com/dw/image/v2/BJCV_PRD/on/demandware.static/-/Sites-wwg-m-hardyakka-catalog/default/dw7d429284/images/hi-res/y07978_ona_1.jpg?sw=1024&sh=1024,69.95,Active,,,,,https://www.hardyakka.com/au/p/core_hi-vis_2_tone_vented_taped_long_sleeve_cotton_shirt/Y07978.html
wwg-hardyakka-y07990,wwg-hardyakka-y07990,Hi-Vis 2 Tone Long Sleeve Taped Cotton Drill Shirt,Hard Yakka,Shop our Hi Vis 2Tone Drill L/Sl Shirt. Fade Shade Indicator for high visibility non-compliance. 50mm reflective tape. Shop today at Hard Yakka Australia,Shirt,https://www.hardyakka.com/dw/image/v2/BJCV_PRD/on/demandware.static/-/Sites-wwg-m-hardyakka-catalog/default/dwb2921563/images/hi-res/y07990_ona_1.jpg?sw=1024&sh=1024,69.95,Active,,,,,https://www.hardyakka.com/au/p/hi-vis_2_tone_long_sleeve_taped_cotton_drill_shirt/Y07990.html
wwg-hardyakka-y08061,wwg-hardyakka-y08061,Women's Sport X Range Work Legging,Hard Yakka,"Shop our Women's Sport X Range Work Legging as well as the latest men's and women's work clothes, work boots, accessories and more. Shop today at Hard Yakka Australia",Hard Yakka,https://www.hardyakka.com/dw/image/v2/BJCV_PRD/on/demandware.static/-/Sites-wwg-m-hardyakka-catalog/default/dw295fa4bc/images/hi-res/y08061_bla_1.jpg?sw=1024&sh=1024,89.95,Active,,,,,https://www.hardyakka.com/au/p/womens_sport_x_range_work_legging/Y08061.html
wwg-hardyakka-y08107,wwg-hardyakka-y08107,Women's Mustang Bootcut Jeans,Hard Yakka,"Shop our Women's Mustang Bootcut Jeans as well as the latest men's and women's work clothes, work boots, accessories and more. Shop today at Hard Yakka Australia",Hard Yakka,https://www.hardyakka.com/dw/image/v2/BJCV_PRD/on/demandware.static/-/Sites-wwg-m-hardyakka-catalog/default/dw59f1b91e/images/hi-res/y08107_stw_1.jpg?sw=1024&sh=1024,89.95,Active,,,,,https://www.hardyakka.com/au/p/womens_mustang_bootcut_jeans/Y08107.html
wwg-hardyakka-y08121,wwg-hardyakka-y08121,Women's 3056 ToughMaxx Taped Work Pants,Hard Yakka,"Shop our Women's 3056 ToughMaxx Taped Work Pants as well as the latest men's and women's work clothes, work boots, accessories and more. Shop today at Hard Yakka Australia",Pant,https://www.hardyakka.com/dw/image/v2/BJCV_PRD/on/demandware.static/-/Sites-wwg-m-hardyakka-catalog/default/dw7545ba4d/images/hi-res/y08121_nav_1.jpg?sw=1024&sh=1024,84.95,Active,,,,,https://www.hardyakka.com/au/p/womens_3056_toughmaxx_taped_work_pants/Y08121.html
wwg-hardyakka-y08150,wwg-hardyakka-y08150,Women's Edge Ripstop Pants,Hard Yakka,"Shop our Women's Edge Ripstop Pants as well as the latest men's and women's work clothes, work boots, accessories and more. Shop today at Hard Yakka Australia",Pant,https://www.hardyakka.com/dw/image/v2/BJCV_PRD/on/demandware.static/-/Sites-wwg-m-hardyakka-catalog/default/dw7b8d55f1/images/hi-res/y08150_bla_1.jpg?sw=1024&sh=1024,79.95,Active,,,,,https://www.hardyakka.com/au/p/womens_edge_ripstop_pants/Y08150.html
wwg-hardyakka-y08225,wwg-hardyakka-y08225,Women's Core 2 Tone Hi-Vis Vented Long Sleeve Shirt,Hard Yakka,Shop our Womens Koolgear Hi Vis Vented Shirt. Cotton twill is naturally durable and breathable. 100% polyester mesh. Shop today at Hard Yakka Australia,Shirt,https://www.hardyakka.com/dw/image/v2/BJCV_PRD/on/demandware.static/-/Sites-wwg-m-hardyakka-catalog/default/dw64e1107d/images/hi-res/y08225_yna_1.jpg?sw=1024&sh=1024,59.95,Active,,,,,https://www.hardyakka.com/au/p/womens_core_2_tone_hi-vis_vented_long_sleeve_shirt/Y08225.html
wwg-hardyakka-y08291,wwg-hardyakka-y08291,Women's Toughmaxx Cuffed Pants,Hard Yakka,"Shop our Women's Toughmaxx Cuffed Pants as well as the latest men's and women's work clothes, work boots, accessories and more. Shop today at Hard Yakka Australia",Pant,https://www.hardyakka.com/dw/image/v2/BJCV_PRD/on/demandware.static/-/Sites-wwg-m-hardyakka-catalog/default/dw6c0adc6e/images/hi-res/y08291_bla_1.jpg?sw=1024&sh=1024,74.95,Active,,,,,https://www.hardyakka.com/au/p/womens_toughmaxx_cuffed_pants/Y08291.html
wwg-hardyakka-y08380,wwg-hardyakka-y08380,Women’S Cargo Drill Pant With Tape,Hard Yakka,"Shop our Women’S Cargo Drill Pant With Tape. Darted back waist for comfort fit. Utility, ruler pocket and pen pocket. Shop today at Hard Yakka Australia",Pant,https://www.hardyakka.com/dw/image/v2/BJCV_PRD/on/demandware.static/-/Sites-wwg-m-hardyakka-catalog/default/dwb2d0ae8c/images/hi-res/y08380_nav_1.jpg?sw=1024&sh=1024,69.95,Active,,,,,https://www.hardyakka.com/au/p/women%E2%80%99s_cargo_drill_pant_with_tape/Y08380.html
wwg-hardyakka-y08399,wwg-hardyakka-y08399,Womens Heritage Closed Front Drill Shirt,Hard Yakka,"Shop our Womens Heritage Closed Front Drill Shirt as well as the latest men's and women's work clothes, work boots, accessories and more. Shop today at Hard Yakka Australia",Shirt,https://www.hardyakka.com/dw/image/v2/BJCV_PRD/on/demandware.static/-/Sites-wwg-m-hardyakka-catalog/default/dw51702135/images/hi-res/y08399_blh_1.jpg?sw=1024&sh=1024,39.95,Active,,,,,https://www.hardyakka.com/au/p/womens_heritage_closed_front_drill_shirt/Y08399.html
wwg-hardyakka-y08411,wwg-hardyakka-y08411,Women's Raptor Cuff Pant With Tape,Hard Yakka,"Shop our Women's Raptor Cuff Pant With Tape as well as the latest men's and women's work clothes, work boots, accessories and more. Shop today at Hard Yakka Australia",Pant,https://www.hardyakka.com/dw/image/v2/BJCV_PRD/on/demandware.static/-/Sites-wwg-m-hardyakka-catalog/default/dw90c2a3b2/images/hi-res/Y08411_NAV_1-temp.jpg?sw=1024&sh=1024,109.95,Active,,,,,https://www.hardyakka.com/au/p/womens_raptor_cuff_pant_with_tape/Y08411.html
wwg-hardyakka-y08422,wwg-hardyakka-y08422,Women's Bomber Jacket,Hard Yakka,"Shop our Women's Bomber Jacket as well as the latest men's and women's work clothes, work boots, accessories and more. Shop today at Hard Yakka Australia",Jacket,https://www.hardyakka.com/dw/image/v2/BJCV_PRD/on/demandware.static/-/Sites-wwg-m-hardyakka-catalog/default/dw653d331e/images/hi-res/y08422_bla_1.jpg?sw=1024&sh=1024,119.95,Active,,,,,https://www.hardyakka.com/au/p/womens_bomber_jacket/Y08422.html
wwg-hardyakka-y08601,wwg-hardyakka-y08601,Womens  Short Sleeve Hi Vis Polo ,Hard Yakka,"Shop our Womens Short Sleeve Hi Vis Polo as well as the latest men's and women's work clothes, work boots, accessories and more. Shop today at Hard Yakka Australia",Short,https://www.hardyakka.com/dw/image/v2/BJCV_PRD/on/demandware.static/-/Sites-wwg-m-hardyakka-catalog/default/dw37aa69f3/images/hi-res/y08601_ona_1.jpg?sw=1024&sh=1024,23.95,Active,,,,,https://www.hardyakka.com/au/p/womens__short_sleeve_hi_vis_polo_/Y08601.html
wwg-hardyakka-y08603,wwg-hardyakka-y08603,Womens Long Sleeve Hi Vis Polo ,Hard Yakka,"Shop our Womens Long Sleeve Hi Vis Polo as well as the latest men's and women's work clothes, work boots, accessories and more. Shop today at Hard Yakka Australia",Polo,https://www.hardyakka.com/dw/image/v2/BJCV_PRD/on/demandware.static/-/Sites-wwg-m-hardyakka-catalog/default/dw9a8c89c7/images/hi-res/y08603_ona_1.jpg?sw=1024&sh=1024,34.95,Active,,,,,https://www.hardyakka.com/au/p/womens_long_sleeve_hi_vis_polo_/Y08603.html
wwg-hardyakka-y08744,wwg-hardyakka-y08744,Women's Check Flannie,Hard Yakka,"Shop our Women's Check Flannie as well as the latest men's and women's work clothes, work boots, accessories and more. Shop today at Hard Yakka Australia",Hard Yakka,https://www.hardyakka.com/dw/image/v2/BJCV_PRD/on/demandware.static/-/Sites-wwg-m-hardyakka-catalog/default/dw239f2c60/images/hi-res/y08744_ebp_1.jpg?sw=1024&sh=1024,79.95,Active,,,,,https://www.hardyakka.com/au/p/womens_check_flannie/Y08744.html
wwg-hardyakka-y08812,wwg-hardyakka-y08812,Womens Gladiator Jegging,Hard Yakka,"Shop our Womens Gladiator Jegging as well as the latest men's and women's work clothes, work boots, accessories and more. Shop today at Hard Yakka Australia",Hard Yakka,https://www.hardyakka.com/dw/image/v2/BJCV_PRD/on/demandware.static/-/Sites-wwg-m-hardyakka-catalog/default/dw8866a9a0/images/hi-res/y08812_bla_1.jpg?sw=1024&sh=1024,89.95,Active,,,,,https://www.hardyakka.com/au/p/womens_gladiator_jegging/Y08812.html
wwg-hardyakka-y08930,wwg-hardyakka-y08930,Women's Ripstop Slim Fit Cargo Pant,Hard Yakka,"Shop our Women's Ripstop Cargo Pant. Slim and articulated fit, tapered from knee to hem. Multiple pockets for storage. Shop today at Hard Yakka Australia",Pant,https://www.hardyakka.com/dw/image/v2/BJCV_PRD/on/demandware.static/-/Sites-wwg-m-hardyakka-catalog/default/dw34020f40/images/hi-res/y08930_bla_1.jpg?sw=1024&sh=1024,99.95,Active,,,,,https://www.hardyakka.com/au/p/womens_ripstop_slim_fit_cargo_pant/Y08930.html
wwg-hardyakka-y11244,wwg-hardyakka-y11244,Heritage Long Sleeve Tee With Hood,Hard Yakka,"Shop our Heritage Long Sleeve Tee With Hood as well as the latest men's and women's work clothes, work boots, accessories and more. Shop today at Hard Yakka Australia",Tee/T-Shirt,https://www.hardyakka.com/dw/image/v2/BJCV_PRD/on/demandware.static/-/Sites-wwg-m-hardyakka-catalog/default/dw5f52e03d/images/hi-res/y11244_bla_1.jpg?sw=1024&sh=1024,39.95,Active,,,,,https://www.hardyakka.com/au/p/heritage_long_sleeve_tee_with_hood/Y11244.html
wwg-hardyakka-y11379,wwg-hardyakka-y11379,Core Hi-Vis 2 Tone Taped Vented Long Sleeve Polo,Hard Yakka,"Koolgear Hi Vis 2Tone Taped LS Polo Shirt. Lightweight, ventilated & engineered to keep you cool in hot environments. Shop today at Hard Yakka Australia",Polo,https://www.hardyakka.com/dw/image/v2/BJCV_PRD/on/demandware.static/-/Sites-wwg-m-hardyakka-catalog/default/dw0667c32f/images/hi-res/y11379_ldn_1.jpg?sw=1024&sh=1024,69.95,Active,,,,,https://www.hardyakka.com/au/p/core_hi-vis_2_tone_taped_vented_long_sleeve_polo/Y11379.html
wwg-hardyakka-y11396,wwg-hardyakka-y11396,Core Hi-Vis 2 Tone Vented Short Sleeve Polo,Hard Yakka,"Koolgear Hi Vis 2Tone SS Polo Shirt Lemon. Lightweight, vented & engineered to keep you cool in hot environments. Shop today at Hard Yakka Australia",Short,https://www.hardyakka.com/dw/image/v2/BJCV_PRD/on/demandware.static/-/Sites-wwg-m-hardyakka-catalog/default/dwb91dd059/images/hi-res/y11396_ldn_1.jpg?sw=1024&sh=1024,59.95,Active,,,,,https://www.hardyakka.com/au/p/core_hi-vis_2_tone_vented_short_sleeve_polo/Y11396.html
wwg-hardyakka-y11489,wwg-hardyakka-y11489,Core Long Sleeve Heritage Icon Tee,Hard Yakka,"Shop our Core Long Sleeve Heritage Icon Tee as well as the latest men's and women's work clothes, work boots, accessories and more. Shop today at Hard Yakka Australia",Tee/T-Shirt,https://www.hardyakka.com/dw/image/v2/BJCV_PRD/on/demandware.static/-/Sites-wwg-m-hardyakka-catalog/default/dw432ebf37/images/hi-res/y11489_bur_1.jpg?sw=1024&sh=1024,24.95,Active,,,,,https://www.hardyakka.com/au/p/core_long_sleeve_heritage_icon_tee/Y11489.html
wwg-hardyakka-y19270,wwg-hardyakka-y19270,Hi-Vis 2 Tone 1/4 Zip Brushed Taped Fleece Jumper,Hard Yakka,Shop our Hi Vis 2Tone 1/4 Zip Brushed Fleece Jumper With Tape. Adjustable cord on hem for better fit. Shop today at Hard Yakka Australia,Hi-Vis,https://www.hardyakka.com/dw/image/v2/BJCV_PRD/on/demandware.static/-/Sites-wwg-m-hardyakka-catalog/default/dw400b5e1c/images/hi-res/y19270_ona_1.jpg?sw=1024&sh=1024,89.95,Active,,,,,https://www.hardyakka.com/au/p/hi-vis-2tone-1-4-zip-brushed-fleece-jumper-with-tape/Y19270.html
wwg-hardyakka-y19325,wwg-hardyakka-y19325,Hi-Vis 2 Tone Fleece Hoodie,Hard Yakka,Shop our Hi Vis 2 Tone Fleece Hoodie. Drawstring on hood ensures it stays inside garment to prevent catching. Shop today at Hard Yakka Australia,Hi-Vis,https://www.hardyakka.com/dw/image/v2/BJCV_PRD/on/demandware.static/-/Sites-wwg-m-hardyakka-catalog/default/dwc5f2b7ed/images/hi-res/y19325_ona_1.jpg?sw=1024&sh=1024,79.95,Active,,,,,https://www.hardyakka.com/au/p/hi-vis_2_tone_fleece_hoodie/Y19325.html
wwg-hardyakka-y19488,wwg-hardyakka-y19488,Sherpa Henley,Hard Yakka,"Shop our Sherpa Henley as well as the latest men's and women's work clothes, work boots, accessories and more. Shop today at Hard Yakka Australia",Hard Yakka,https://www.hardyakka.com/dw/image/v2/BJCV_PRD/on/demandware.static/-/Sites-wwg-m-hardyakka-catalog/default/dwe27a5bd7/images/hi-res/y19488_wlt_1.jpg?sw=1024&sh=1024,89.95,Active,,,,,https://www.hardyakka.com/au/p/sherpa_henley/Y19488.html
wwg-hardyakka-y19616,wwg-hardyakka-y19616,Mens Short Sleeve Hi Vis Polo,Hard Yakka,"Shop our Mens Short Sleeve Hi Vis Polo as well as the latest men's and women's work clothes, work boots, accessories and more. Shop today at Hard Yakka Australia",Short,https://www.hardyakka.com/dw/image/v2/BJCV_PRD/on/demandware.static/-/Sites-wwg-m-hardyakka-catalog/default/dwc4d5a00a/images/hi-res/y19616_ona_1.jpg?sw=1024&sh=1024,23.95,Active,,,,,https://www.hardyakka.com/au/p/mens_short_sleeve_hi_vis_polo/Y19616.html
wwg-hardyakka-y19619,wwg-hardyakka-y19619,Mens Long Sleeve Hi Vis Taped Polo ,Hard Yakka,"Shop our Mens Long Sleeve Hi Vis Taped Polo as well as the latest men's and women's work clothes, work boots, accessories and more. Shop today at Hard Yakka Australia",Polo,https://www.hardyakka.com/dw/image/v2/BJCV_PRD/on/demandware.static/-/Sites-wwg-m-hardyakka-catalog/default/dw338fcacc/images/hi-res/y19619_ona_1.jpg?sw=1024&sh=1024,44.95,Active,,,,,https://www.hardyakka.com/au/p/mens_long_sleeve_hi_vis_taped_polo_/Y19619.html
wwg-hardyakka-y20013,wwg-hardyakka-y20013,Women's Core Hi Vis Work Crew Sock - 3 Pack,Hard Yakka,"Shop our Women's Core Hi Vis Work Crew Sock - 3 Pack as well as the latest men's and women's work clothes, work boots, accessories and more. Shop today at Hard Yakka Australia",Hard Yakka,https://www.hardyakka.com/dw/image/v2/BJCV_PRD/on/demandware.static/-/Sites-wwg-m-hardyakka-catalog/default/dw753427ba/images/hi-res/y20013_mlt_1.jpg?sw=1024&sh=1024,19.95,Active,,,,,https://www.hardyakka.com/au/p/womens_core_hi_vis_work_crew_sock_-_3_pack/Y20013.html
wwg-hardyakka-y20016,wwg-hardyakka-y20016,Women's Core Bamboo Rich Padded Crew Sock - 3 Pack,Hard Yakka,"Shop our Women's Core Bamboo Rich Padded Crew Sock - 3 Pack as well as the latest men's and women's work clothes, work boots, accessories and more. Shop today at Hard Yakka Australia",Hard Yakka,https://www.hardyakka.com/dw/image/v2/BJCV_PRD/on/demandware.static/-/Sites-wwg-m-hardyakka-catalog/default/dw61a79b56/images/hi-res/y20016_mlt_1.jpg?sw=1024&sh=1024,29.95,Active,,,,,https://www.hardyakka.com/au/p/womens_core_bamboo_rich_padded_crew_sock_-_3_pack/Y20016.html
wwg-hardyakka-y21418,wwg-hardyakka-y21418,Puffer Vest 2.0,Hard Yakka,"Shop our Puffer Vest 2.0 as well as the latest men's and women's work clothes, work boots, accessories and more. Shop today at Hard Yakka Australia",Vest,https://www.hardyakka.com/dw/image/v2/BJCV_PRD/on/demandware.static/-/Sites-wwg-m-hardyakka-catalog/default/dw07d1f81d/images/hi-res/y21418_bla_1.jpg?sw=1024&sh=1024,89.95,Active,,,,,https://www.hardyakka.com/au/p/puffer_vest_2.0/Y21418.html
wwg-hardyakka-y22219,wwg-hardyakka-y22219,Heritage Beanie,Hard Yakka,"Shop our Heritage Beanie as well as the latest men's and women's work clothes, work boots, accessories and more. Shop today at Hard Yakka Australia",Cap/Hat,https://www.hardyakka.com/dw/image/v2/BJCV_PRD/on/demandware.static/-/Sites-wwg-m-hardyakka-catalog/default/dw4f415210/images/hi-res/y22219_for_1.jpg?sw=1024&sh=1024,19.95,Active,,,,,https://www.hardyakka.com/au/p/heritage_beanie/Y22219.html
wwg-hardyakka-y26455,wwg-hardyakka-y26455,Women's Bamboo Sock 3 Pack,Hard Yakka,"Shop our Women's Bamboo Sock 3 Pack as well as the latest men's and women's work clothes, work boots, accessories and more. Shop today at Hard Yakka Australia",Hard Yakka,https://www.hardyakka.com/dw/image/v2/BJCV_PRD/on/demandware.static/-/Sites-wwg-m-hardyakka-catalog/default/dw6d95b73f/images/hi-res/y26455_bpp_1.jpg?sw=1024&sh=1024,34.95,Active,,,,,https://www.hardyakka.com/au/p/womens_bamboo_sock_3_pack/Y26455.html
wwg-hardyakka-y26791,wwg-hardyakka-y26791,Stretch Webbed Belt with Bottle Opener Buckle,Hard Yakka,"Shop our Stretch Webbed Belt with Bottle Opener Buckle as well as the latest men's and women's work clothes, work boots, accessories and more. Shop today at Hard Yakka Australia",Belt,https://www.hardyakka.com/dw/image/v2/BJCV_PRD/on/demandware.static/-/Sites-wwg-m-hardyakka-catalog/default/dw4bc9c921/images/hi-res/y26791_bla_1.jpg?sw=1024&sh=1024,39.95,Active,,,,,https://www.hardyakka.com/au/p/stretch_webbed_belt_with_bottle_opener_buckle/Y26791.html
wwg-hardyakka-y43247,wwg-hardyakka-y43247,Mustang Regular Fit Stretch Work Jean - Indigo,Hard Yakka,Shop our Mustang Stretch Jean Navy. Characterised by timeless Design. We focus on longevity and seasonless denim. Shop today at Hard Yakka Australia,Hard Yakka,https://www.hardyakka.com/dw/image/v2/BJCV_PRD/on/demandware.static/-/Sites-wwg-m-hardyakka-catalog/default/dwf55861d3/images/hi-res/y43247_nav_1.jpg?sw=1024&sh=1024,99.95,Active,,,,,https://www.hardyakka.com/au/p/mustang_regular_fit_stretch_work_jean_-_indigo/Y43247.html
wwg-hardyakka-y44610,wwg-hardyakka-y44610,Straight Leg Stretch Denim Jean,Hard Yakka,"Shop our Straight Leg Stretch Denim Jean as well as the latest men's and women's work clothes, work boots, accessories and more. Shop today at Hard Yakka Australia",Hard Yakka,https://www.hardyakka.com/dw/image/v2/BJCV_PRD/on/demandware.static/-/Sites-wwg-m-hardyakka-catalog/default/dw2be8ce14/images/hi-res/y44610_nav_1.jpg?sw=1024&sh=1024,99.95,Active,,,,,https://www.hardyakka.com/au/p/straight_leg_stretch_denim_jean/Y44610.html
wwg-hardyakka-y60087,wwg-hardyakka-y60087,Grit Pull On Steel Toe Safety Boot - Sand,Hard Yakka,"Shop our Grit Safety Boot Sand. An easy pull on-off gusset boot. Ideal for agriculture, landscaping and DIY projects. Shop today at Hard Yakka Australia",Boot,https://www.hardyakka.com/dw/image/v2/BJCV_PRD/on/demandware.static/-/Sites-wwg-m-hardyakka-catalog/default/dw02e47256/images/hi-res/y60087_san_1h.jpg?sw=1024&sh=1024,84.95,Active,,,,,https://www.hardyakka.com/au/p/grit_pull_on_steel_toe_safety_boot_-_sand/Y60087.html
wwg-hardyakka-y60122,wwg-hardyakka-y60122,Evolution Lace Up & Side Zip 5\,Hard Yakka,"Shop our Evolution Lace Up & Side Zip 5"" Steel Toe Safety Boot - Wheat as well as the latest men's and women's work clothes, work boots, accessories and more. Shop today at Hard Yakka Australia",Hard Yakka,https://www.hardyakka.com/dw/image/v2/BJCV_PRD/on/demandware.static/-/Sites-wwg-m-hardyakka-catalog/default/dw746e47bc/images/hi-res/y60122_whe_1.jpg?sw=1024&sh=1024,169.00,Active,,,,,https://www.hardyakka.com/au/p/evolution_lace_up_and_side_zip_5%22_steel_toe_safety_boot_-_wheat/Y60122.html
wwg-hardyakka-y60124,wwg-hardyakka-y60124,Evolution Lace Up & Side Zip 5\,Hard Yakka,"Shop our Evolution Lace Up & Side Zip 5"" Steel Toe Safety Boot- Sand as well as the latest men's and women's work clothes, work boots, accessories and more. Shop today at Hard Yakka Australia",Hard Yakka,https://www.hardyakka.com/dw/image/v2/BJCV_PRD/on/demandware.static/-/Sites-wwg-m-hardyakka-catalog/default/dw0d7e0198/images/hi-res/y60124_san_1.jpg?sw=1024&sh=1024,169.00,Active,,,,,https://www.hardyakka.com/au/p/evolution_lace_up_and_side_zip_5%22_steel_toe_safety_boot-_sand/Y60124.html
wwg-hardyakka-y60138,wwg-hardyakka-y60138,Evolution Lace Up & Side Zip 6\,Hard Yakka,"Shop our Evolution Lace Up & Side Zip 6"" Steel Toe Safety Boot - Black as well as the latest men's and women's work clothes, work boots, accessories and more. Shop today at Hard Yakka Australia",Hard Yakka,https://www.hardyakka.com/dw/image/v2/BJCV_PRD/on/demandware.static/-/Sites-wwg-m-hardyakka-catalog/default/dwae157230/images/hi-res/y60138_bla_2.jpg?sw=1024&sh=1024,189.00,Active,,,,,https://www.hardyakka.com/au/p/evolution_lace_up_and_side_zip_6%22_steel_toe_safety_boot_-_black/Y60138.html
wwg-hardyakka-y60147,wwg-hardyakka-y60147,Women's Evolution Lace Up & Side Zip 5\,Hard Yakka,"Shop our Women's Evolution Lace Up & Side Zip 5"" Steel Toe Safety Boot - Wheat as well as the latest men's and women's work clothes, work boots, accessories and more. Shop today at Hard Yakka Australia",Hard Yakka,https://www.hardyakka.com/dw/image/v2/BJCV_PRD/on/demandware.static/-/Sites-wwg-m-hardyakka-catalog/default/dw2f3db962/images/hi-res/y60147_whe_1.jpg?sw=1024&sh=1024,169.00,Active,,,,,https://www.hardyakka.com/au/p/womens_evolution_lace_up_and_side_zip_5%22_steel_toe_safety_boot_-_wheat/Y60147.html
wwg-hardyakka-y60174,wwg-hardyakka-y60174,OUTBACK PULL ON STEEL TOE PR SAFETY BOOT - WHEAT,Hard Yakka,"Shop our OUTBACK PULL ON STEEL TOE PR SAFETY BOOT - WHEAT as well as the latest men's and women's work clothes, work boots, accessories and more. Shop today at Hard Yakka Australia",Boot,https://www.hardyakka.com/dw/image/v2/BJCV_PRD/on/demandware.static/-/Sites-wwg-m-hardyakka-catalog/default/dwd896c69f/images/hi-res/y60174_whe_1h.jpg?sw=1024&sh=1024,149.00,Active,,,,,https://www.hardyakka.com/au/p/outback_pull_on_steel_toe_pr_safety_boot_-_wheat/Y60174.html
wwg-hardyakka-y60177,wwg-hardyakka-y60177,Outback Pull On Steel Toe Pr Safety Boot - Brown,Hard Yakka,"Shop our Outback Pull On Steel Toe Pr Safety Boot - Brown as well as the latest men's and women's work clothes, work boots, accessories and more. Shop today at Hard Yakka Australia",Boot,https://www.hardyakka.com/dw/image/v2/BJCV_PRD/on/demandware.static/-/Sites-wwg-m-hardyakka-catalog/default/dwee2fdb52/images/hi-res/y60177_bro_1h.jpg?sw=1024&sh=1024,149.00,Active,,,,,https://www.hardyakka.com/au/p/outback_pull_on_steel_toe_pr_safety_boot_-_brown/Y60177.html
wwg-hardyakka-y60200,wwg-hardyakka-y60200,3056 Lace Up & Side Zip Steel Toe Safety Boot - Wheat,Hard Yakka,"3056 Lace Zip Safety Boot Wheat with wide profile steel toe cap, heat resistant rubber outsole and CME midsole. Shop today at Hard Yakka Australia",Boot,https://www.hardyakka.com/dw/image/v2/BJCV_PRD/on/demandware.static/-/Sites-wwg-m-hardyakka-catalog/default/dwe12c9bae/images/hi-res/y60200_whe_1h.jpg?sw=1024&sh=1024,179.00,Active,,,,,https://www.hardyakka.com/au/p/3056_lace_up_and_side_zip_steel_toe_safety_boot_-_wheat/Y60200.html
wwg-hardyakka-y60203,wwg-hardyakka-y60203,3056 Lace Up & Side Zip Steel Toe Safety Boot - Olive,Hard Yakka,"3056 Lace Zip Safety Boot Olive with wide profile steel toe cap, heat resistant rubber outsole and CME midsole. Shop today at Hard Yakka Australia",Boot,https://www.hardyakka.com/dw/image/v2/BJCV_PRD/on/demandware.static/-/Sites-wwg-m-hardyakka-catalog/default/dw668dc15d/images/hi-res/y60203_oli_1h.jpg?sw=1024&sh=1024,179.00,Active,,,,,https://www.hardyakka.com/au/p/3056_lace_up_and_side_zip_steel_toe_safety_boot_-_olive/Y60203.html
wwg-hardyakka-y60240,wwg-hardyakka-y60240,Women's 3056 Lace Up & Side Zip Safety Boot - Wheat,Hard Yakka,3056 Women's Work Boot Wheat. Wide profile steel toecap & heat resistant outsole. Ideal for cross industry use. Shop today at Hard Yakka Australia,Boot,https://www.hardyakka.com/dw/image/v2/BJCV_PRD/on/demandware.static/-/Sites-wwg-m-hardyakka-catalog/default/dwc3db2139/images/hi-res/y60240_whe_1h.jpg?sw=1024&sh=1024,179.00,Active,,,,,https://www.hardyakka.com/au/p/womens_3056_lace_up_and_side_zip_safety_boot_-_wheat/Y60240.html
wwg-hardyakka-y60250,wwg-hardyakka-y60250,Women's 3056 Lace Up & Side Zip Safety Boot - Shiraz,Hard Yakka,3056 Women's Work Boot Shiraz. Wide profile steel toecap & heat resistant outsole. Ideal for cross industry use. Shop today at Hard Yakka Australia,Boot,https://www.hardyakka.com/dw/image/v2/BJCV_PRD/on/demandware.static/-/Sites-wwg-m-hardyakka-catalog/default/dw5bf85d45/images/hi-res/y60250_shz_1h.jpg?sw=1024&sh=1024,179.00,Active,,,,,https://www.hardyakka.com/au/p/womens_3056_lace_up_and_side_zip_safety_boot_-_shiraz/Y60250.html
wwg-hardyakka-y60285,wwg-hardyakka-y60285,Atomic Hybrid Lace Up & Side Zip Safety Boot - Black,Hard Yakka,"Shop our Atomic Hybrid Side Zip Boot Black. Provides true HYBRID SAFETY, allowing for cross-functional industrial use. Shop today at Hard Yakka Australia",Boot,https://www.hardyakka.com/dw/image/v2/BJCV_PRD/on/demandware.static/-/Sites-wwg-m-hardyakka-catalog/default/dwffac861d/images/hi-res/y60285_bla_1.jpg?sw=1024&sh=1024,179.00,Active,,,,,https://www.hardyakka.com/au/p/atomic_hybrid_lace_up_and_side_zip_safety_boot_-_black/Y60285.html
wwg-hardyakka-y60363,wwg-hardyakka-y60363,X Range Mid Composite Toe Safety Boot - Black,Hard Yakka,"Shop our X Range Mid Composite Toe Safety Boot - Black as well as the latest men's and women's work clothes, work boots, accessories and more. Shop today at Hard Yakka Australia",Boot,https://www.hardyakka.com/dw/image/v2/BJCV_PRD/on/demandware.static/-/Sites-wwg-m-hardyakka-catalog/default/dwd7337768/images/hi-res/y60363_bla_1.jpg?sw=1024&sh=1024,170.00,Active,,,,,https://www.hardyakka.com/au/p/x_range_mid_composite_toe_safety_boot_-_black/Y60363.html
wwg-hardyakka-y61061,wwg-hardyakka-y61061,Mustang Signature Pull-up Leather Boot - Black,Hard Yakka,"Shop our Mustang Signature Pull-up Leather Boot - Black as well as the latest men's and women's work clothes, work boots, accessories and more. Shop today at Hard Yakka Australia",Boot,https://www.hardyakka.com/dw/image/v2/BJCV_PRD/on/demandware.static/-/Sites-wwg-m-hardyakka-catalog/default/dw7060d878/images/hi-res/y61061_bla_1.jpg?sw=1024&sh=1024,349.95,Active,,,,,https://www.hardyakka.com/au/p/mustang_signature_pull-up_leather_boot_-_black/Y61061.html
wwg-hardyakka-y61064,wwg-hardyakka-y61064,Women's Mustang Signature Pull-up Leather Boot - Black,Hard Yakka,"Shop our Women's Mustang Signature Pull-up Leather Boot - Black as well as the latest men's and women's work clothes, work boots, accessories and more. Shop today at Hard Yakka Australia",Boot,https://www.hardyakka.com/dw/image/v2/BJCV_PRD/on/demandware.static/-/Sites-wwg-m-hardyakka-catalog/default/dw2beb2913/images/hi-res/y61064_bla_1.jpg?sw=1024&sh=1024,349.95,Active,,,,,https://www.hardyakka.com/au/p/womens_mustang_signature_pull-up_leather_boot_-_black/Y61064.html
wwg-kinggee-k01010,wwg-kinggee-k01010,Originals Cotton Drill Work Coveralls,KingGee,"Shop our Originals Cotton Drill Work Coveralls as well as the latest men's and women's work clothes, work boots, accessories and more. Shop today at KingGee Australia",Coverall,https://www.kinggee.com/dw/image/v2/BJCV_PRD/on/demandware.static/-/Sites-wwg-m-kinggee-catalog/default/dw7fe47080/images/hi-res/k01010_nav_1.jpg?sw=1024&sh=1024,119.95,Active,,,,,https://www.kinggee.com/au/p/originals_cotton_drill_work_coveralls/K01010.html
wwg-kinggee-k03010,wwg-kinggee-k03010,Originals Steel Tuff Cotton Drill Work Pants,KingGee,"Shop our Originals Steel Tuff Cotton Drill Work Pants as well as the latest men's and women's work clothes, work boots, accessories and more. Shop today at KingGee Australia",Pant,https://www.kinggee.com/dw/image/v2/BJCV_PRD/on/demandware.static/-/Sites-wwg-m-kinggee-catalog/default/dwb93fbc9e/images/hi-res/k03010_nav_1.jpg?sw=1024&sh=1024,59.95,Active,,,,,https://www.kinggee.com/au/p/originals_steel_tuff_cotton_drill_work_pants/K03010.html
wwg-kinggee-k03035,wwg-kinggee-k03035,Originals Cargo Drill Pant,KingGee,"Shop our Originals Cargo Drill Pant as well as the latest men's and women's work clothes, work boots, accessories and more. Shop today at KingGee Australia",Pant,https://www.kinggee.com/dw/image/v2/BJCV_PRD/on/demandware.static/-/Sites-wwg-m-kinggee-catalog/default/dw53148988/images/hi-res/k03035_nav_1.jpg?sw=1024&sh=1024,64.95,Active,,,,,https://www.kinggee.com/au/p/originals_cargo_drill_pant/K03035.html
wwg-kinggee-k04030,wwg-kinggee-k04030,Originals Short Sleeve Open Front Cotton Drill Work Shirt,KingGee,"Shop our Open Front Drill Shirt Short Sleeve as well as men's and women's work clothes, work boots, accessories and more. Shop today at KingGee Australia",Short,https://www.kinggee.com/dw/image/v2/BJCV_PRD/on/demandware.static/-/Sites-wwg-m-kinggee-catalog/default/dw9c7f8fad/images/hi-res/k04030_grn_1.jpg?sw=1024&sh=1024,44.95,Active,,,,,https://www.kinggee.com/au/p/originals_short_sleeve_open_front_cotton_drill_work_shirt/K04030.html
wwg-kinggee-k05025,wwg-kinggee-k05025,Waterproof Insulated Quilted Jacket,KingGee,"Shop our Waterproof Insulated Quilted Jacket as well as the latest men's and women's work clothes, work boots, accessories and more. Shop today at KingGee Australia",Jacket,https://www.kinggee.com/dw/image/v2/BJCV_PRD/on/demandware.static/-/Sites-wwg-m-kinggee-catalog/default/dw82d01967/images/hi-res/k05025_bla_1.jpg?sw=1024&sh=1024,119.95,Active,,,,,https://www.kinggee.com/au/p/waterproof_insulated_quilted_jacket/K05025.html
wwg-kinggee-k07810,wwg-kinggee-k07810,Originals Cotton Drill Work Shorts,KingGee,"Shop our Originals Cotton Drill Work Shorts as well as the latest men's and women's work clothes, work boots, accessories and more. Shop today at KingGee Australia",Short,https://www.kinggee.com/dw/image/v2/BJCV_PRD/on/demandware.static/-/Sites-wwg-m-kinggee-catalog/default/dw13a2c0a8/images/hi-res/k07810_nav_1.jpg?sw=1024&sh=1024,54.95,Active,,,,,https://www.kinggee.com/au/p/originals_cotton_drill_work_shorts/K07810.html
wwg-kinggee-k09035,wwg-kinggee-k09035,Men's Cotton Crew Work Socks - 5 Pack,KingGee,Men's Crew Cotton Work Sock - 5 Pack. Athletic design. Padded footbed. Seam-free toe. 80% cotton. Pair with any of your KingGee work boots. Shop Online!,KingGee,https://www.kinggee.com/dw/image/v2/BJCV_PRD/on/demandware.static/-/Sites-wwg-m-kinggee-catalog/default/dw5da7db5e/images/hi-res/k09035_bla_1.jpg?sw=1024&sh=1024,29.95,Active,,,,,https://www.kinggee.com/au/p/mens_cotton_crew_work_socks_-_5_pack/K09035.html
wwg-kinggee-k09275,wwg-kinggee-k09275,Men's Bamboo Corporate Work Socks,KingGee,"Men's Bamboo Corporate Sock Black. Breathable, seam free and made from renewable resource making them the environmentally friendly choice. Shop Online!",KingGee,https://www.kinggee.com/dw/image/v2/BJCV_PRD/on/demandware.static/-/Sites-wwg-m-kinggee-catalog/default/dwcd564506/images/hi-res/k09275_bla_1.jpg?sw=1024&sh=1024,19.95,Active,,,,,https://www.kinggee.com/au/p/mens_bamboo_corporate_work_socks/K09275.html
wwg-kinggee-k13003,wwg-kinggee-k13003,Quantum Lightweight Stretch Ripstop Pants with Knee Pockets,KingGee,"Shop our Quantum Lightweight Stretch Ripstop Pants with Knee Pockets as well as the latest men's and women's work clothes, work boots, accessories and more. Shop today at KingGee Australia",Pant,https://www.kinggee.com/dw/image/v2/BJCV_PRD/on/demandware.static/-/Sites-wwg-m-kinggee-catalog/default/dw5a5bb0c9/images/hi-res/k13003_bla_1.jpg?sw=1024&sh=1024,129.95,Active,,,,,https://www.kinggee.com/au/p/quantum_lightweight_stretch_ripstop_pants_with_knee_pockets/K13003.html
wwg-kinggee-k13008,wwg-kinggee-k13008,Tradies Utility Plus Pant,KingGee,"Shop our Tradies Utility Plus Pant as well as the latest men's and women's work clothes, work boots, accessories and more. Shop today at KingGee Australia",Pant,https://www.kinggee.com/dw/image/v2/BJCV_PRD/on/demandware.static/-/Sites-wwg-m-kinggee-catalog/default/dw4fad29c4/images/hi-res/k13008_bla_1.jpg?sw=1024&sh=1024,94.95,Active,,,,,https://www.kinggee.com/au/p/tradies_utility_plus_pant/K13008.html
wwg-kinggee-k13100,wwg-kinggee-k13100,Originals New G's Cargo Work Pants,KingGee,"Shop our Originals New G's Cargo Work Pants as well as the latest men's and women's work clothes, work boots, accessories and more. Shop today at KingGee Australia",Pant,https://www.kinggee.com/dw/image/v2/BJCV_PRD/on/demandware.static/-/Sites-wwg-m-kinggee-catalog/default/dw9747b82d/images/hi-res/k13100_nav_1.jpg?sw=1024&sh=1024,79.95,Active,,,,,https://www.kinggee.com/au/p/originals_new_gs_cargo_work_pants/K13100.html
wwg-kinggee-k13800,wwg-kinggee-k13800,Workcool 1 Work Pants,KingGee,"Shop our Workcool 1 Work Pants as well as the latest men's and women's work clothes, work boots, accessories and more. Shop today at KingGee Australia",Pant,https://www.kinggee.com/dw/image/v2/BJCV_PRD/on/demandware.static/-/Sites-wwg-m-kinggee-catalog/default/dwb25f48e6/images/hi-res/k13800_bla_1.jpg?sw=1024&sh=1024,69.95,Active,,,,,https://www.kinggee.com/au/p/workcool_1_work_pants/K13800.html
wwg-kinggee-k14032,wwg-kinggee-k14032,Workcool Vented Closed Front Shirt Short Sleeve,KingGee,"Shop our Workcool Vented Closed Front Shirt Short Sleeve as well as the latest men's and women's work clothes, work boots, accessories and more. Shop today at KingGee Australia",Short,https://www.kinggee.com/dw/image/v2/BJCV_PRD/on/demandware.static/-/Sites-wwg-m-kinggee-catalog/default/dwa1885cdd/images/hi-res/k14032_grn_1.jpg?sw=1024&sh=1024,49.95,Active,,,,,https://www.kinggee.com/au/p/workcool_vented_closed_front_shirt_short_sleeve/K14032.html
wwg-kinggee-k14355,wwg-kinggee-k14355,Tradies Lightweight Cotton Drill Short Sleeve Work Shirt,KingGee,"Shop our Tradies Lightweight Cotton Drill Short Sleeve Work Shirt as well as the latest men's and women's work clothes, work boots, accessories and more. Shop today at KingGee Australia",Short,https://www.kinggee.com/dw/image/v2/BJCV_PRD/on/demandware.static/-/Sites-wwg-m-kinggee-catalog/default/dw7bbf4ba8/images/hi-res/k14355_bla_1.jpg?sw=1024&sh=1024,64.95,Active,,,,,https://www.kinggee.com/au/p/tradies_lightweight_cotton_drill_short_sleeve_work_shirt/K14355.html
wwg-kinggee-k15014,wwg-kinggee-k15014,Trademark Tech Hoodie,KingGee,"Shop our Trademark Tech Hoodie as well as the latest men's and women's work clothes, work boots, accessories and more. Shop today at KingGee Australia",Jumper,https://www.kinggee.com/dw/image/v2/BJCV_PRD/on/demandware.static/-/Sites-wwg-m-kinggee-catalog/default/dwc548740f/images/hi-res/k15014_gma_1.jpg?sw=1024&sh=1024,89.95,Active,,,,,https://www.kinggee.com/au/p/trademark_tech_hoodie/K15014.html
wwg-kinggee-k17008,wwg-kinggee-k17008,Workcool Pro Stretch Short Shorts,KingGee,"Shop our Workcool Pro Stretch Short Shorts as well as the latest men's and women's work clothes, work boots, accessories and more. Shop today at KingGee Australia",Short,https://www.kinggee.com/dw/image/v2/BJCV_PRD/on/demandware.static/-/Sites-wwg-m-kinggee-catalog/default/dw706fdd92/images/hi-res/k17008_bla_1.jpg?sw=1024&sh=1024,69.95,Active,,,,,https://www.kinggee.com/au/p/workcool_pro_stretch_short_shorts/K17008.html
wwg-kinggee-k17019,wwg-kinggee-k17019,Trademark Cargo Short,KingGee,"Shop our Trademark Cargo Short as well as the latest men's and women's work clothes, work boots, accessories and more. Shop today at KingGee Australia",Short,https://www.kinggee.com/dw/image/v2/BJCV_PRD/on/demandware.static/-/Sites-wwg-m-kinggee-catalog/default/dw0e26f234/images/hi-res/k17019_bla_1.jpg?sw=1024&sh=1024,89.95,Active,,,,,https://www.kinggee.com/au/p/trademark_cargo_short/K17019.html
wwg-kinggee-k17820,wwg-kinggee-k17820,Workcool 2 Lightweight Ripstop Cargo Work Shorts ,KingGee,"Shop our Workcool 2 Lightweight Ripstop Cargo Work Shorts as well as the latest men's and women's work clothes, work boots, accessories and more. Shop today at KingGee Australia",Short,https://www.kinggee.com/dw/image/v2/BJCV_PRD/on/demandware.static/-/Sites-wwg-m-kinggee-catalog/default/dwe045ae27/images/hi-res/k17820_bla_1.jpg?sw=1024&sh=1024,59.95,Active,,,,,https://www.kinggee.com/au/p/workcool_2_lightweight_ripstop_cargo_work_shorts_/K17820.html
wwg-kinggee-k22340,wwg-kinggee-k22340,Women's Superlite Leather Slip-On Work Shoes -Black,KingGee,"Shop our Women's Superlite Leather Slip-On Work Shoes -Black as well as the latest men's and women's work clothes, work boots, accessories and more. Shop today at KingGee Australia",KingGee,https://www.kinggee.com/dw/image/v2/BJCV_PRD/on/demandware.static/-/Sites-wwg-m-kinggee-catalog/default/dwb633b5ca/images/hi-res/k22340_bla_1h.jpg?sw=1024&sh=1024,129.00,Active,,,,,https://www.kinggee.com/au/p/womens_superlite_leather_slip-on_work_shoes_-black/K22340.html
wwg-kinggee-k25250,wwg-kinggee-k25250,Tradie Gusset Steel Cap Safety Boots With Scuff Cap - Black,KingGee,"Tradie Gusset Boot are engineered for heartland Australians. Perfect agriculture, landscaping to the DIY warriors. Available in Black. Shop Online!",Boot,https://www.kinggee.com/dw/image/v2/BJCV_PRD/on/demandware.static/-/Sites-wwg-m-kinggee-catalog/default/dwc02a3e71/images/hi-res/k25250_bla_1h.jpg?sw=1024&sh=1024,159.00,Active,,,,,https://www.kinggee.com/au/p/tradie_gusset_steel_cap_safety_boots_with_scuff_cap_-_black/K25250.html
wwg-kinggee-k26491,wwg-kinggee-k26491,Tradie Women's Zip/Lace Steel Cap Work Boots 5\,KingGee,Women's Tradie 5 work boot known for safety and comfort. Leather & Breathable Nylon Upper. Certified to AS 2210.3:2019. Available in Wheat. Shop Online!,Boot,https://www.kinggee.com/dw/image/v2/BJCV_PRD/on/demandware.static/-/Sites-wwg-m-kinggee-catalog/default/dw407f6dc6/images/hi-res/k26491_whe_1h.jpg?sw=1024&sh=1024,189.00,Active,,,,,https://www.kinggee.com/au/p/tradie_womens_zip%2Flace_steel_cap_work_boots_5%22_-_wheat/K26491.html
wwg-kinggee-k26496,wwg-kinggee-k26496,Women's HyperTec Sport - Black,KingGee,"Shop our Women's HyperTec Sport - Black as well as the latest men's and women's work clothes, work boots, accessories and more. Shop today at KingGee Australia",KingGee,https://www.kinggee.com/dw/image/v2/BJCV_PRD/on/demandware.static/-/Sites-wwg-m-kinggee-catalog/default/dwbb3e158d/images/hi-res/k26496_bla_1.jpg?sw=1024&sh=1024,179.00,Active,,,,,https://www.kinggee.com/au/p/womens_hypertec_sport_-_black/K26496.html
wwg-kinggee-k26500,wwg-kinggee-k26500,Wentworth Slip Resistant Lace Up Safety Work Shoes - Black,KingGee,"Shop our Wentworth Slip Resistant Lace Up Safety Work Shoes - Black as well as the latest men's and women's work clothes, work boots, accessories and more. Shop today at KingGee Australia",KingGee,https://www.kinggee.com/dw/image/v2/BJCV_PRD/on/demandware.static/-/Sites-wwg-m-kinggee-catalog/default/dw600b46c8/images/hi-res/k26500_bla_1.jpg?sw=1024&sh=1024,169.00,Active,,,,,https://www.kinggee.com/au/p/wentworth_slip_resistant_lace_up_safety_work_shoes_-_black/K26500.html
wwg-kinggee-k27115,wwg-kinggee-k27115,Quantum Hybrid Zip/Lace Composite Toe Work Boots 5\,KingGee,"Quantum work boot is engineered with HYBRID safety, each step fights fatigue and maximises energy rebound. Available in wheat black color. Shop Online!",Boot,https://www.kinggee.com/dw/image/v2/BJCV_PRD/on/demandware.static/-/Sites-wwg-m-kinggee-catalog/default/dw12400d2c/images/hi-res/k27115_wbl_1h.jpg?sw=1024&sh=1024,234.00,Active,,,,,https://www.kinggee.com/au/p/quantum_hybrid_zip%2Flace_composite_toe_work_boots_5%22_-_wheat/K27115.html
wwg-kinggee-k27145,wwg-kinggee-k27145,Quantum Hybrid Composite Toe Work Boots 5\,KingGee,"Quantum work boot is engineered with HYBRID safety, each step fights fatigue and maximises energy rebound. Available in black color. Shop Online!",Boot,https://www.kinggee.com/dw/image/v2/BJCV_PRD/on/demandware.static/-/Sites-wwg-m-kinggee-catalog/default/dw3fb5e63f/images/hi-res/k27145_bla_1h.jpg?sw=1024&sh=1024,234.00,Active,,,,,https://www.kinggee.com/au/p/quantum_hybrid_composite_toe_work_boots_5%22_-_black/K27145.html
wwg-kinggee-k27173,wwg-kinggee-k27173,Bennu Rigger Steel Toe Safety Work Boots - Wheat,KingGee,"Shop our Bennu Rigger Steel Toe Safety Work Boots - Wheat as well as the latest men's and women's work clothes, work boots, accessories and more. Shop today at KingGee Australia",Boot,https://www.kinggee.com/dw/image/v2/BJCV_PRD/on/demandware.static/-/Sites-wwg-m-kinggee-catalog/default/dwc45eddcc/images/hi-res/k27173_whe_1h.jpg?sw=1024&sh=1024,230.00,Active,,,,,https://www.kinggee.com/au/p/bennu_rigger_steel_toe_safety_work_boots_-_wheat/K27173.html
wwg-kinggee-k27184,wwg-kinggee-k27184,N Force Hybrid 8\,KingGee,"Shop our N Force Hybrid 8"" as well as the latest men's and women's work clothes, work boots, accessories and more. Shop today at KingGee Australia",KingGee,https://www.kinggee.com/dw/image/v2/BJCV_PRD/on/demandware.static/-/Sites-wwg-m-kinggee-catalog/default/dwaf83dff7/images/hi-res/k27184_bla_1.jpg?sw=1024&sh=1024,229.00,Active,,,,,https://www.kinggee.com/au/p/n_force_hybrid_8%22/K27184.html
wwg-kinggee-k27872,wwg-kinggee-k27872,Phoenix Metguard Composite Toe Safety Work Boots 6\,KingGee,"Shop our Phoenix Metguard Composite Toe Safety Work Boots 6"" - Wheat as well as the latest men's and women's work clothes, work boots, accessories and more. Shop today at KingGee Australia",Boot,https://www.kinggee.com/dw/image/v2/BJCV_PRD/on/demandware.static/-/Sites-wwg-m-kinggee-catalog/default/dw46caab27/images/hi-res/k27872_whe_1h.jpg?sw=1024&sh=1024,249.00,Active,,,,,https://www.kinggee.com/au/p/phoenix_metguard_composite_toe_safety_work_boots_6%22_-_wheat/K27872.html
wwg-kinggee-k27980,wwg-kinggee-k27980,Phoenix Zip/Lace Composite Safety Work Boots 6\,KingGee,Phoenix 6Cz Eh work boot is tough without compromising on comfort. Ideal for heavy to light industrial. Wheat color. Certified to AS/NZS 2210. Shop Online!,Boot,https://www.kinggee.com/dw/image/v2/BJCV_PRD/on/demandware.static/-/Sites-wwg-m-kinggee-catalog/default/dwb58b45ea/images/hi-res/k27980_whe_1h.jpg?sw=1024&sh=1024,229.00,Active,,,,,https://www.kinggee.com/au/p/phoenix_zip%2Flace_composite_safety_work_boots_6%22_-_wheat/K27980.html
wwg-kinggee-k27997,wwg-kinggee-k27997,ONYX 8Z Metguard Puncture-Resistant Work Boot - Wheat,KingGee,"Shop our ONYX 8Z Metguard Puncture-Resistant Work Boot - Wheat as well as the latest men's and women's work clothes, work boots, accessories and more. Shop today at KingGee Australia",Boot,https://www.kinggee.com/dw/image/v2/BJCV_PRD/on/demandware.static/-/Sites-wwg-m-kinggee-catalog/default/dwa60f356d/images/hi-res/k27997_whe_1.jpg?sw=1024&sh=1024,279.00,Active,,,,,https://www.kinggee.com/au/p/onyx_8z_metguard_puncture-resistant_work_boot_-_wheat/K27997.html
wwg-kinggee-k28001,wwg-kinggee-k28001,ONYX 6CZ Composite Toe Work Boot - Wheat,KingGee,"Shop our ONYX 6CZ Composite Toe Work Boot - Wheat as well as the latest men's and women's work clothes, work boots, accessories and more. Shop today at KingGee Australia",Boot,https://www.kinggee.com/dw/image/v2/BJCV_PRD/on/demandware.static/-/Sites-wwg-m-kinggee-catalog/default/dw3ef06114/images/hi-res/k28001_whe_1.jpg?sw=1024&sh=1024,239.00,Active,,,,,https://www.kinggee.com/au/p/onyx_6cz_composite_toe_work_boot_-_wheat/K28001.html
wwg-kinggee-k28005,wwg-kinggee-k28005,Women's ONYX 6CZ Composite Toe Work Boot - Wheat,KingGee,"Shop our Women's ONYX 6CZ Composite Toe Work Boot - Wheat as well as the latest men's and women's work clothes, work boots, accessories and more. Shop today at KingGee Australia",Boot,https://www.kinggee.com/dw/image/v2/BJCV_PRD/on/demandware.static/-/Sites-wwg-m-kinggee-catalog/default/dw30d83adc/images/hi-res/k28005_whe_1.jpg?sw=1024&sh=1024,239.00,Active,,,,,https://www.kinggee.com/au/p/womens_onyx_6cz_composite_toe_work_boot_-_wheat/K28005.html
wwg-kinggee-k28009,wwg-kinggee-k28009,BENNU PRO 6 Work Boot - Wheat,KingGee,"Shop our BENNU PRO 6 Work Boot - Wheat as well as the latest men's and women's work clothes, work boots, accessories and more. Shop today at KingGee Australia",Boot,https://www.kinggee.com/dw/image/v2/BJCV_PRD/on/demandware.static/-/Sites-wwg-m-kinggee-catalog/default/dw3e388dfe/images/hi-res/k28009_whe_1.jpg?sw=1024&sh=1024,239.00,Active,,,,,https://www.kinggee.com/au/p/bennu_pro_6_work_boot_-_wheat/K28009.html
wwg-kinggee-k28012,wwg-kinggee-k28012,Women's BENNU PRO 6 Work Boot - Wheat,KingGee,"Shop our Women's BENNU PRO 6 Work Boot - Wheat as well as the latest men's and women's work clothes, work boots, accessories and more. Shop today at KingGee Australia",Boot,https://www.kinggee.com/dw/image/v2/BJCV_PRD/on/demandware.static/-/Sites-wwg-m-kinggee-catalog/default/dwc9e29347/images/hi-res/k28012_whe_1.jpg?sw=1024&sh=1024,239.00,Active,,,,,https://www.kinggee.com/au/p/womens_bennu_pro_6_work_boot_-_wheat/K28012.html
wwg-kinggee-k29007,wwg-kinggee-k29007,Sludge Non Safety Gumboot,KingGee,"Shop our Sludge Non Safety Gumboot as well as the latest men's and women's work clothes, work boots, accessories and more. Shop today at KingGee Australia",KingGee,https://www.kinggee.com/dw/image/v2/BJCV_PRD/on/demandware.static/-/Sites-wwg-m-kinggee-catalog/default/dw9ee2403b/images/hi-res/k29007_bla_1h.jpg?sw=1024&sh=1024,30.00,Active,,,,,https://www.kinggee.com/au/p/sludge_non_safety_gumboot/K29007.html
wwg-kinggee-k43010,wwg-kinggee-k43010,Women's Stretch Biomotion Reflective Work Pants,KingGee,"Shop our Women's Stretch Biomotion Reflective Work Pants as well as the latest men's and women's work clothes, work boots, accessories and more. Shop today at KingGee Australia",Pant,https://www.kinggee.com/dw/image/v2/BJCV_PRD/on/demandware.static/-/Sites-wwg-m-kinggee-catalog/default/dw05242e25/images/hi-res/k43010_nav_1.jpg?sw=1024&sh=1024,74.95,Active,,,,,https://www.kinggee.com/au/p/womens_stretch_biomotion_reflective_work_pants/K43010.html
wwg-kinggee-k43018,wwg-kinggee-k43018,Women's Stretch Jean,KingGee,"Shop our Women's Stretch Jean as well as the latest men's and women's work clothes, work boots, accessories and more. Shop today at KingGee Australia",KingGee,https://www.kinggee.com/dw/image/v2/BJCV_PRD/on/demandware.static/-/Sites-wwg-m-kinggee-catalog/default/dwfb7afe66/images/hi-res/k43018_stw_1.jpg?sw=1024&sh=1024,69.95,Active,,,,,https://www.kinggee.com/au/p/womens_stretch_jean/K43018.html
wwg-kinggee-k43022,wwg-kinggee-k43022,Women's Workcool Cargo Pant Taped,KingGee,"Shop our Women's Workcool Cargo Pant Taped as well as the latest men's and women's work clothes, work boots, accessories and more. Shop today at KingGee Australia",Pant,https://www.kinggee.com/dw/image/v2/BJCV_PRD/on/demandware.static/-/Sites-wwg-m-kinggee-catalog/default/dw12acce87/images/hi-res/k43022_nav_1.jpg?sw=1024&sh=1024,69.95,Active,,,,,https://www.kinggee.com/au/p/womens_workcool_cargo_pant_taped/K43022.html
wwg-kinggee-k43820,wwg-kinggee-k43820,Women's Workcool 2 Lightweight Ripstop Work Pants,KingGee,"Shop our Women's Workcool 2 Lightweight Ripstop Work Pants as well as the latest men's and women's work clothes, work boots, accessories and more. Shop today at KingGee Australia",Pant,https://www.kinggee.com/dw/image/v2/BJCV_PRD/on/demandware.static/-/Sites-wwg-m-kinggee-catalog/default/dw3f2bf60c/images/hi-res/k43820_kha_1.jpg?sw=1024&sh=1024,69.95,Active,,,,,https://www.kinggee.com/au/p/womens_workcool_2_lightweight_ripstop_work_pants/K43820.html
wwg-kinggee-k44211,wwg-kinggee-k44211,Womens Workcool Vented Closed Front Spliced Shirt,KingGee,"Shop our Womens Workcool Vented Closed Front Spliced Shirt as well as the latest men's and women's work clothes, work boots, accessories and more. Shop today at KingGee Australia",Shirt,https://www.kinggee.com/dw/image/v2/BJCV_PRD/on/demandware.static/-/Sites-wwg-m-kinggee-catalog/default/dw3dd0685a/images/hi-res/k44211_ona_1.jpg?sw=1024&sh=1024,59.95,Active,,,,,https://www.kinggee.com/au/p/womens_workcool_vented_closed_front_spliced_shirt/K44211.html
wwg-kinggee-k44223,wwg-kinggee-k44223,Womens Workcool Hyperfreeze Spliced Long Sleeve Polo with Segmented Tape,KingGee,"Shop our Womens Workcool Hyperfreeze Spliced Long Sleeve Polo with Segmented Tape as well as the latest men's and women's work clothes, work boots, accessories and more. Shop today at KingGee Australia",Polo,https://www.kinggee.com/dw/image/v2/BJCV_PRD/on/demandware.static/-/Sites-wwg-m-kinggee-catalog/default/dw5d560540/images/hi-res/k44223_ona_1.jpg?sw=1024&sh=1024,54.95,Active,,,,,https://www.kinggee.com/au/p/womens_workcool_hyperfreeze_spliced_long_sleeve_polo_with_segmented_tape/K44223.html
wwg-kinggee-k44228,wwg-kinggee-k44228,Womens Workcool Vented Closed Front Shirt Taped Long Sleeve,KingGee,"Shop our Womens Workcool Vented Closed Front Shirt Taped Long Sleeve as well as the latest men's and women's work clothes, work boots, accessories and more. Shop today at KingGee Australia",Shirt,https://www.kinggee.com/dw/image/v2/BJCV_PRD/on/demandware.static/-/Sites-wwg-m-kinggee-catalog/default/dw28730e49/images/hi-res/k44228_ora_1.jpg?sw=1024&sh=1024,69.95,Active,,,,,https://www.kinggee.com/au/p/womens_workcool_vented_closed_front_shirt_taped_long_sleeve/K44228.html
wwg-kinggee-k44232,wwg-kinggee-k44232,Women's Workcool Vented Vic Rail Shirt,KingGee,"Shop our Women's Workcool Vented Vic Rail Shirt as well as the latest men's and women's work clothes, work boots, accessories and more. Shop today at KingGee Australia",Shirt,https://www.kinggee.com/dw/image/v2/BJCV_PRD/on/demandware.static/-/Sites-wwg-m-kinggee-catalog/default/dwd3791eec/images/hi-res/k44232_spo_1.jpg?sw=1024&sh=1024,69.95,Active,,,,,https://www.kinggee.com/au/p/womens_workcool_vented_vic_rail_shirt/K44232.html
wwg-kinggee-k44243,wwg-kinggee-k44243,Women's Workcool Spliced Stretch Taped Long Sleeve Shirt ,KingGee,"Shop our Women's Workcool Spliced Stretch Taped Long Sleeve Shirt as well as the latest men's and women's work clothes, work boots, accessories and more. Shop today at KingGee Australia",Shirt,https://www.kinggee.com/dw/image/v2/BJCV_PRD/on/demandware.static/-/Sites-wwg-m-kinggee-catalog/default/dw1847b25f/images/hi-res/k44243_ona_1.jpg?sw=1024&sh=1024,89.95,Active,,,,,https://www.kinggee.com/au/p/womens_workcool_spliced_stretch_taped_long_sleeve_shirt_/K44243.html
wwg-kinggee-k44248,wwg-kinggee-k44248,Women's Originals Hi-Vis Spliced Taped Cotton Polo,KingGee,"Shop our Women's Originals Hi-Vis Spliced Taped Cotton Polo as well as the latest men's and women's work clothes, work boots, accessories and more. Shop today at KingGee Australia",Polo,https://www.kinggee.com/dw/image/v2/BJCV_PRD/on/demandware.static/-/Sites-wwg-m-kinggee-catalog/default/dw5295798e/images/hi-res/k44248_ona_1.jpg?sw=1024&sh=1024,69.95,Active,,,,,https://www.kinggee.com/au/p/womens_originals_hi-vis_spliced_taped_cotton_polo/K44248.html
wwg-kinggee-k44544,wwg-kinggee-k44544,Women's Workcool 2 Hi-Vis Lightweight Reflective Work Shirt ,KingGee,"Workcool 2 Women's Hi Vis Reflective Spliced Shirt Long Sleeve. Lightweight breathable fabric. Underarm , upper back and side cooling vents. Shop Online!",Shirt,https://www.kinggee.com/dw/image/v2/BJCV_PRD/on/demandware.static/-/Sites-wwg-m-kinggee-catalog/default/dw78ecc38c/images/hi-res/k44544_ona_1.jpg?sw=1024&sh=1024,89.95,Active,,,,,https://www.kinggee.com/au/p/wc2-wmns-hi-vis-ref-spliced-shirt-l-s/K44544.html
wwg-kinggee-k44740,wwg-kinggee-k44740,Women's Workcool Hyperfreeze Short Sleeve Polo Shirt,KingGee,Workcool Women's Hyperfreeze Polo short sleeve tshirt will have you looking and performing your best every day. Chest pocket with button. Shop Online!,Short,https://www.kinggee.com/dw/image/v2/BJCV_PRD/on/demandware.static/-/Sites-wwg-m-kinggee-catalog/default/dw553c5ae1/images/hi-res/k44740_bla_1.jpg?sw=1024&sh=1024,39.95,Active,,,,,https://www.kinggee.com/au/p/wc-wmns-hf-spliced-polo-s-s/K44740.html
wwg-kinggee-k45007,wwg-kinggee-k45007,Women's Reflective Soft Shell Jacket,KingGee,"Shop our Women's Reflective Soft Shell Jacket as well as the latest men's and women's work clothes, work boots, accessories and more. Shop today at KingGee Australia",Jacket,https://www.kinggee.com/dw/image/v2/BJCV_PRD/on/demandware.static/-/Sites-wwg-m-kinggee-catalog/default/dwdacea141/images/hi-res/k45007_ora_1.jpg?sw=1024&sh=1024,89.95,Active,,,,,https://www.kinggee.com/au/p/womens_reflective_soft_shell_jacket/K45007.html
wwg-kinggee-k47008,wwg-kinggee-k47008,Women's Workcool Pro Stretch Shorts,KingGee,"Shop our Women's Workcool Pro Stretch Shorts as well as the latest men's and women's work clothes, work boots, accessories and more. Shop today at KingGee Australia",Short,https://www.kinggee.com/dw/image/v2/BJCV_PRD/on/demandware.static/-/Sites-wwg-m-kinggee-catalog/default/dw3f61197d/images/hi-res/k47008_bla_1.jpg?sw=1024&sh=1024,74.95,Active,,,,,https://www.kinggee.com/au/p/womens_workcool_pro_stretch_shorts/K47008.html
wwg-kinggee-k49271,wwg-kinggee-k49271,Women's Bamboo Coloured Crew Socks - 3 Pack,KingGee,"Women's Bamboo Work Sock 3 Pack. Breathable, seam free and made from renewable resource making them the environmentally friendly choice. Shop Onilne!",KingGee,https://www.kinggee.com/dw/image/v2/BJCV_PRD/on/demandware.static/-/Sites-wwg-m-kinggee-catalog/default/dw0d45b113/images/hi-res/k49271_ptk_1.jpg?sw=1024&sh=1024,44.95,Active,,,,,https://www.kinggee.com/au/p/womens_bamboo_coloured_crew_socks_-_3_pack/K49271.html
wwg-kinggee-k51012,wwg-kinggee-k51012,Originals Hi Vis Taped Disposable Coverall,KingGee,"Shop our Originals Hi Vis Taped Disposable Coverall as well as the latest men's and women's work clothes, work boots, accessories and more. Shop today at KingGee Australia",Coverall,https://www.kinggee.com/dw/image/v2/BJCV_PRD/on/demandware.static/-/Sites-wwg-m-kinggee-catalog/default/dw23d59d5c/images/hi-res/k51012_ora_1.jpg?sw=1024&sh=1024,19.95,Active,,,,,https://www.kinggee.com/au/p/originals_hi_vis_taped_disposable_coverall/K51012.html
wwg-kinggee-k51540,wwg-kinggee-k51540,Workcool 2 Hi-Vis Reflective Two Tone Work Coveralls,KingGee,"Shop our Workcool 2 Reflective Spliced Overall as well as men's and women's work clothes, work boots, accessories and more. Shop today at KingGee Australia",Coverall,https://www.kinggee.com/dw/image/v2/BJCV_PRD/on/demandware.static/-/Sites-wwg-m-kinggee-catalog/default/dw560a1af3/images/hi-res/k51540_ona_1.jpg?sw=1024&sh=1024,179.95,Active,,,,,https://www.kinggee.com/au/p/workcool_2_hi-vis_reflective_two_tone_work_coveralls/K51540.html
wwg-kinggee-k53008,wwg-kinggee-k53008,Originals Stretch Denim Work Jeans Bio Motion,KingGee,"Shop our Originals Stretch Denim Work Jeans Bio Motion as well as the latest men's and women's work clothes, work boots, accessories and more. Shop today at KingGee Australia",KingGee,https://www.kinggee.com/dw/image/v2/BJCV_PRD/on/demandware.static/-/Sites-wwg-m-kinggee-catalog/default/dwd85357dc/images/hi-res/k53008_nav_1.jpg?sw=1024&sh=1024,79.95,Active,,,,,https://www.kinggee.com/au/p/originals_stretch_denim_work_jeans_bio_motion/K53008.html
wwg-kinggee-k53013,wwg-kinggee-k53013,Workcool Pro Bio  Motion Cuff Pant,KingGee,"Shop our Workcool Pro Bio Motion Cuff Pant as well as the latest men's and women's work clothes, work boots, accessories and more. Shop today at KingGee Australia",Pant,https://www.kinggee.com/dw/image/v2/BJCV_PRD/on/demandware.static/-/Sites-wwg-m-kinggee-catalog/default/dwacb75d26/images/hi-res/k53013_nav_1.jpg?sw=1024&sh=1024,109.95,Active,,,,,https://www.kinggee.com/au/p/workcool_pro_bio__motion_cuff_pant/K53013.html
wwg-kinggee-k53018,wwg-kinggee-k53018,Originals Stretch Reflective BIomotion Cargo Work Pants ,KingGee,Stretch Bio Motion Cargo Pant is made from stretch fabric for added movement and comfort. Mmultifunctional storage and 50mm Reflectec tape. Shop Online!,Pant,https://www.kinggee.com/dw/image/v2/BJCV_PRD/on/demandware.static/-/Sites-wwg-m-kinggee-catalog/default/dwd482159a/images/hi-res/k53018_nav_1.jpg?sw=1024&sh=1024,74.95,Active,,,,,https://www.kinggee.com/au/p/originals_stretch_reflective_biomotion_cargo_work_pants_/K53018.html
wwg-kinggee-k53022,wwg-kinggee-k53022,Originals PVC Pant,KingGee,"Shop our Originals PVC Pant as well as the latest men's and women's work clothes, work boots, accessories and more. Shop today at KingGee Australia",Pant,https://www.kinggee.com/dw/image/v2/BJCV_PRD/on/demandware.static/-/Sites-wwg-m-kinggee-catalog/default/dwd3b5ddb0/images/hi-res/k53022_yel_1.jpg?sw=1024&sh=1024,9.95,Active,,,,,https://www.kinggee.com/au/p/originals_pvc_pant/K53022.html
wwg-kinggee-k53820,wwg-kinggee-k53820,Workcool 2 Reflective Cotton Drill Cargo Work Pants,KingGee,Workcool 2 Reflective Pants Navy. Modern contoured fit. Behind the knee cooling vents. Multifunctional pockets and 50mm Reflectec Tape. Shop Online!,Pant,https://www.kinggee.com/dw/image/v2/BJCV_PRD/on/demandware.static/-/Sites-wwg-m-kinggee-catalog/default/dwec298a87/images/hi-res/k53820_nav_1.jpg?sw=1024&sh=1024,79.95,Active,,,,,https://www.kinggee.com/au/p/workcool_2_reflective_cotton_drill_cargo_work_pants/K53820.html
wwg-kinggee-k54014,wwg-kinggee-k54014,Workcool Vented Vic Rail Shirt,KingGee,"Shop our Workcool Vented Vic Rail Shirt as well as the latest men's and women's work clothes, work boots, accessories and more. Shop today at KingGee Australia",Shirt,https://www.kinggee.com/dw/image/v2/BJCV_PRD/on/demandware.static/-/Sites-wwg-m-kinggee-catalog/default/dw45953eb2/images/hi-res/k54014_spo_1.jpg?sw=1024&sh=1024,69.95,Active,,,,,https://www.kinggee.com/au/p/workcool_vented_vic_rail_shirt/K54014.html
wwg-kinggee-k54019,wwg-kinggee-k54019,Originals Hi-Vis Drill Shirt,KingGee,"Shop our Originals Hi-Vis Drill Shirt as well as the latest men's and women's work clothes, work boots, accessories and more. Shop today at KingGee Australia",Shirt,https://www.kinggee.com/dw/image/v2/BJCV_PRD/on/demandware.static/-/Sites-wwg-m-kinggee-catalog/default/dwbd72fc07/images/hi-res/k54019_ora_1.jpg?sw=1024&sh=1024,64.95,Active,,,,,https://www.kinggee.com/au/p/originals_hi-vis_drill_shirt/K54019.html
wwg-kinggee-k54028,wwg-kinggee-k54028,Workcool Pro Reflective Long Sleeve Shirt,KingGee,Workcool Pro Bio Motion long Sleeve shirt. Stretch ripstop fabric for comfort and durability. 98% Cotton Ripstop. Available in Orange Navy. Shop Online!,Shirt,https://www.kinggee.com/dw/image/v2/BJCV_PRD/on/demandware.static/-/Sites-wwg-m-kinggee-catalog/default/dw3369f98e/images/hi-res/k54028_ona_1.jpg?sw=1024&sh=1024,89.95,Active,,,,,https://www.kinggee.com/au/p/workcool-pro-bio-motion-shirt-l-s/K54028.html
wwg-kinggee-k54037,wwg-kinggee-k54037,DryCool Hi Vis Spliced Taped Shirt Long Sleeve Shirt ,KingGee,"Shop our DryCool Hi Vis Spliced Taped Shirt Long Sleeve Shirt as well as the latest men's and women's work clothes, work boots, accessories and more. Shop today at KingGee Australia",Shirt,https://www.kinggee.com/dw/image/v2/BJCV_PRD/on/demandware.static/-/Sites-wwg-m-kinggee-catalog/default/dwffcff108/images/hi-res/k54037_ona_1.jpg?sw=1024&sh=1024,99.95,Active,,,,,https://www.kinggee.com/au/p/drycool_hi_vis_spliced_taped_shirt_long_sleeve_shirt_/K54037.html
wwg-kinggee-k54205,wwg-kinggee-k54205,Workcool Hyperfreeze Hi-Vis Two Tone Short Sleeve Polo Shirt,KingGee,"Shop our Workcool Hyperfreeze Spliced Polo Short Sleeve as well as men's and women's work clothes, boots and accessories. Shop today at KingGee Australia",Short,https://www.kinggee.com/dw/image/v2/BJCV_PRD/on/demandware.static/-/Sites-wwg-m-kinggee-catalog/default/dw7534e797/images/hi-res/k54205_ona_1.jpg?sw=1024&sh=1024,39.95,Active,,,,,https://www.kinggee.com/au/p/wc-hf-spliced-polo-s-s/K54205.html
wwg-kinggee-k54225,wwg-kinggee-k54225,Workcool Hyperfreeze Hi-Vis Reflective Long Sleeve Polo,KingGee,Workcool Hyperfreeze long sleeve polo tshirt. 100% Polyester. 50mm Reflectec segmented tape. Available in Orange and Navy color. Shop Online!,Polo,https://www.kinggee.com/dw/image/v2/BJCV_PRD/on/demandware.static/-/Sites-wwg-m-kinggee-catalog/default/dwfef739c5/images/hi-res/k54225_ona_1.jpg?sw=1024&sh=1024,54.95,Active,,,,,https://www.kinggee.com/au/p/wc-hf-spliced-polo-l-s-taped/K54225.html
wwg-kinggee-k54805,wwg-kinggee-k54805,Workcool 2 Hi-Vis Long Sleeve Drill Work Shirt,KingGee,"Shop our Workcool 2 Shirt Long Sleeve as well as men's and women's work clothes, work boots, accessories and more. Shop today at KingGee Australia",Shirt,https://www.kinggee.com/dw/image/v2/BJCV_PRD/on/demandware.static/-/Sites-wwg-m-kinggee-catalog/default/dwdf3f4ab8/images/hi-res/k54805_ora_1.jpg?sw=1024&sh=1024,59.95,Active,,,,,https://www.kinggee.com/au/p/workcool_2_hi-vis_long_sleeve_drill_work_shirt/K54805.html
wwg-kinggee-k54875,wwg-kinggee-k54875,Workcool 2 Hi-Vis Two Tone Short Sleeve Drill Work Shirt,KingGee,"Workcool 2 Spliced Shirt Short Sleeve. Breathable fabric, Two chest pockets with pen partition. Underarm, upper back and side cooling vents. Shop Online!",Short,https://www.kinggee.com/dw/image/v2/BJCV_PRD/on/demandware.static/-/Sites-wwg-m-kinggee-catalog/default/dw4f6200ba/images/hi-res/k54875_ona_1.jpg?sw=1024&sh=1024,54.95,Active,,,,,https://www.kinggee.com/au/p/workcool_2_hi-vis_two_tone_short_sleeve_drill_work_shirt/K54875.html
wwg-kinggee-k54885,wwg-kinggee-k54885,Workcool 2 Hi-Vis Reflective Short Sleeve Work Shirt,KingGee,"Shop our Workcool 2 Reflective Spliced Shirt Short Sleeve as well as men's and women's work clothes, boots and accessories. Shop today at KingGee Australia",Short,https://www.kinggee.com/dw/image/v2/BJCV_PRD/on/demandware.static/-/Sites-wwg-m-kinggee-catalog/default/dw29873457/images/hi-res/k54885_ona_1.jpg?sw=1024&sh=1024,79.95,Active,,,,,https://www.kinggee.com/au/p/workcool_2_hi-vis_reflective_short_sleeve_work_shirt/K54885.html
wwg-kinggee-k54911,wwg-kinggee-k54911,Workcool Vented Spliced Shirt Taped Short Sleeve,KingGee,"Shop our Workcool Vented Spliced Shirt Taped Short Sleeve as well as the latest men's and women's work clothes, work boots, accessories and more. Shop today at KingGee Australia",Short,https://www.kinggee.com/dw/image/v2/BJCV_PRD/on/demandware.static/-/Sites-wwg-m-kinggee-catalog/default/dw6bdc4da1/images/hi-res/k54911_ona_1.jpg?sw=1024&sh=1024,64.95,Active,,,,,https://www.kinggee.com/au/p/workcool_vented_spliced_shirt_taped_short_sleeve/K54911.html
wwg-kinggee-k54915,wwg-kinggee-k54915,Workcool Vented  Shirt Taped Long Sleeve,KingGee,"Shop our Workcool Vented Shirt Taped Long Sleeve as well as the latest men's and women's work clothes, work boots, accessories and more. Shop today at KingGee Australia",Shirt,https://www.kinggee.com/dw/image/v2/BJCV_PRD/on/demandware.static/-/Sites-wwg-m-kinggee-catalog/default/dw5f6af931/images/hi-res/k54915_ora_1.jpg?sw=1024&sh=1024,69.95,Active,,,,,https://www.kinggee.com/au/p/workcool_vented__shirt_taped_long_sleeve/K54915.html
wwg-kinggee-k54927,wwg-kinggee-k54927,Originals Spliced Taped Cotton Back Polo,KingGee,"Shop our Originals Spliced Taped Cotton Back Polo as well as the latest men's and women's work clothes, work boots, accessories and more. Shop today at KingGee Australia",Polo,https://www.kinggee.com/dw/image/v2/BJCV_PRD/on/demandware.static/-/Sites-wwg-m-kinggee-catalog/default/dw74e40980/images/hi-res/k54927_ona_1.jpg?sw=1024&sh=1024,69.95,Active,,,,,https://www.kinggee.com/au/p/originals_spliced_taped_cotton_back_polo/K54927.html
wwg-kinggee-k54931,wwg-kinggee-k54931,Originals Hi-Vis Spliced Polo,KingGee,"Shop our Originals Hi-Vis Spliced Polo as well as the latest men's and women's work clothes, work boots, accessories and more. Shop today at KingGee Australia",Polo,https://www.kinggee.com/dw/image/v2/BJCV_PRD/on/demandware.static/-/Sites-wwg-m-kinggee-catalog/default/dw3de4d742/images/hi-res/k54931_ona_1.jpg?sw=1024&sh=1024,34.95,Active,,,,,https://www.kinggee.com/au/p/originals_hi-vis_spliced_polo/K54931.html
wwg-kinggee-k54936,wwg-kinggee-k54936,Originals Reflective Spliced Drill Shirt,KingGee,"Shop our Originals Reflective Spliced Drill Shirt as well as the latest men's and women's work clothes, work boots, accessories and more. Shop today at KingGee Australia",Shirt,https://www.kinggee.com/dw/image/v2/BJCV_PRD/on/demandware.static/-/Sites-wwg-m-kinggee-catalog/default/dw03515beb/images/hi-res/k54936_ona_1.jpg?sw=1024&sh=1024,64.95,Active,,,,,https://www.kinggee.com/au/p/originals_reflective_spliced_drill_shirt/K54936.html
wwg-kinggee-k55011,wwg-kinggee-k55011,Originals DWR Reflective Puffer Jacket,KingGee,"Shop our Originals DWR Reflective Puffer Jacket as well as the latest men's and women's work clothes, work boots, accessories and more. Shop today at KingGee Australia",Jacket,https://www.kinggee.com/dw/image/v2/BJCV_PRD/on/demandware.static/-/Sites-wwg-m-kinggee-catalog/default/dw61617637/images/hi-res/k55011_ora_1.jpg?sw=1024&sh=1024,179.95,Active,,,,,https://www.kinggee.com/au/p/originals_dwr_reflective_puffer_jacket/K55011.html
wwg-kinggee-k55018,wwg-kinggee-k55018,Originals Hi-Vis Spliced Full Zip Hoodie,KingGee,"Shop our Originals Hi-Vis Spliced Full Zip Hoodie as well as the latest men's and women's work clothes, work boots, accessories and more. Shop today at KingGee Australia",Hi-Vis,https://www.kinggee.com/dw/image/v2/BJCV_PRD/on/demandware.static/-/Sites-wwg-m-kinggee-catalog/default/dw6651b2a4/images/hi-res/k55018_ona_1.jpg?sw=1024&sh=1024,89.95,Active,,,,,https://www.kinggee.com/au/p/originals_hi-vis_spliced_full_zip_hoodie/K55018.html
wwg-kinggee-k55022,wwg-kinggee-k55022,Originals Hi Vis Vic Rail 1/4 Taped Pullover,KingGee,"Shop our Originals Hi Vis Vic Rail 1/4 Taped Pullover as well as the latest men's and women's work clothes, work boots, accessories and more. Shop today at KingGee Australia",KingGee,https://www.kinggee.com/dw/image/v2/BJCV_PRD/on/demandware.static/-/Sites-wwg-m-kinggee-catalog/default/dw4ce7132b/images/hi-res/k55022_spo_1.jpg?sw=1024&sh=1024,89.95,Active,,,,,https://www.kinggee.com/au/p/originals_hi_vis_vic_rail_1%2F4_taped_pullover/K55022.html
wwg-kinggee-k55027,wwg-kinggee-k55027,Originals Hi Vis Taped Bluey Jacket,KingGee,"Shop our Originals Hi Vis Taped Bluey Jacket as well as the latest men's and women's work clothes, work boots, accessories and more. Shop today at KingGee Australia",Jacket,https://www.kinggee.com/dw/image/v2/BJCV_PRD/on/demandware.static/-/Sites-wwg-m-kinggee-catalog/default/dw96d4cbe2/images/hi-res/k55027_ora_1.jpg?sw=1024&sh=1024,179.95,Active,,,,,https://www.kinggee.com/au/p/originals_hi_vis_taped_bluey_jacket/K55027.html
wwg-kinggee-k55033,wwg-kinggee-k55033,Hi-Vis Fleece Pullover Hoodie,KingGee,"Shop our Hi-Vis Fleece Pullover Hoodie as well as the latest men's and women's work clothes, work boots, accessories and more. Shop today at KingGee Australia",Hi-Vis,https://www.kinggee.com/dw/image/v2/BJCV_PRD/on/demandware.static/-/Sites-wwg-m-kinggee-catalog/default/dw4bb98fa2/images/hi-res/k55033_ona_1.jpg?sw=1024&sh=1024,79.95,Active,,,,,https://www.kinggee.com/au/p/hi-vis_fleece_pullover_hoodie/K55033.html
wwg-kinggee-k55039,wwg-kinggee-k55039,Reflective Softshell Jacket,KingGee,"Shop our Reflective Softshell Jacket as well as the latest men's and women's work clothes, work boots, accessories and more. Shop today at KingGee Australia",Jacket,https://www.kinggee.com/dw/image/v2/BJCV_PRD/on/demandware.static/-/Sites-wwg-m-kinggee-catalog/default/dw4e5e5abb/images/hi-res/k55039_ora_1.jpg?sw=1024&sh=1024,89.95,Active,,,,,https://www.kinggee.com/au/p/reflective_softshell_jacket/K55039.html
wwg-kinggee-k55045,wwg-kinggee-k55045,Orignals NSW Rail Hi Vis Bomber Jacket ,KingGee,"Shop our Orignals NSW Rail Hi Vis Bomber Jacket as well as the latest men's and women's work clothes, work boots, accessories and more. Shop today at KingGee Australia",Jacket,https://www.kinggee.com/dw/image/v2/BJCV_PRD/on/demandware.static/-/Sites-wwg-m-kinggee-catalog/default/dw29792335/images/hi-res/k55045_ora_1.jpg?sw=1024&sh=1024,109.95,Active,,,,,https://www.kinggee.com/au/p/orignals_nsw_rail_hi_vis_bomber_jacket_/K55045.html
wwg-kinggee-k55057,wwg-kinggee-k55057,Reflective 1/4 Zip Fleece  X Back,KingGee,"Shop our Reflective 1/4 Zip Fleece X Back as well as the latest men's and women's work clothes, work boots, accessories and more. Shop today at KingGee Australia",Jumper,https://www.kinggee.com/dw/image/v2/BJCV_PRD/on/demandware.static/-/Sites-wwg-m-kinggee-catalog/default/dwad70079d/images/hi-res/k55057_ora_1.jpg?sw=1024&sh=1024,84.95,Active,,,,,https://www.kinggee.com/au/p/reflective_1%2F4_zip_fleece__x_back/K55057.html
wwg-kinggee-k55091,wwg-kinggee-k55091,Hi-Vis Vest,KingGee,"Shop our Hi-Vis Vest as well as the latest men's and women's work clothes, work boots, accessories and more. Shop today at KingGee Australia",Vest,https://www.kinggee.com/dw/image/v2/BJCV_PRD/on/demandware.static/-/Sites-wwg-m-kinggee-catalog/default/dw47db7d19/images/hi-res/k55091_hyo_1.jpg?sw=1024&sh=1024,9.95,Active,,,,,https://www.kinggee.com/au/p/hi-vis_vest/K55091.html
wwg-kinggee-k55400,wwg-kinggee-k55400,Originals 3 in 1 Hi-Vis Cotton Drill Reflective Work Jacket ,KingGee,Reflective 3 In 1 Cotton Jacket. Traditional work jacket with removable vest. 50mm Reflectec Tape. Cotton shell with brushed flannel lining. Shop Online!,Jacket,https://www.kinggee.com/dw/image/v2/BJCV_PRD/on/demandware.static/-/Sites-wwg-m-kinggee-catalog/default/dw60136b68/images/hi-res/k55400_ona_1.jpg?sw=1024&sh=1024,209.95,Active,,,,,https://www.kinggee.com/au/p/originals_3_in_1_hi-vis_cotton_drill_reflective_work_jacket_/K55400.html
wwg-kinggee-k57002,wwg-kinggee-k57002,Original Hi-Vis H Back Vest,KingGee,"Shop our Original Hi-Vis H Back Vest as well as the latest men's and women's work clothes, work boots, accessories and more. Shop today at KingGee Australia",Vest,https://www.kinggee.com/dw/image/v2/BJCV_PRD/on/demandware.static/-/Sites-wwg-m-kinggee-catalog/default/dw4a768f24/images/hi-res/k57002_hvo_1.jpg?sw=1024&sh=1024,12.95,Active,,,,,https://www.kinggee.com/au/p/original_hi-vis_h_back_vest/K57002.html
wwg-kinggee-k57006,wwg-kinggee-k57006,Originals Hi Vis X Back Vest,KingGee,"Shop our Originals Hi Vis X Back Vest as well as the latest men's and women's work clothes, work boots, accessories and more. Shop today at KingGee Australia",Vest,https://www.kinggee.com/dw/image/v2/BJCV_PRD/on/demandware.static/-/Sites-wwg-m-kinggee-catalog/default/dwcf15b0f0/images/hi-res/k57006_hvo_1.jpg?sw=1024&sh=1024,14.95,Active,,,,,https://www.kinggee.com/au/p/originals_hi_vis_x_back_vest/K57006.html
wwg-kinggee-k57016,wwg-kinggee-k57016,Originals Vic Roads Safety Vest,KingGee,"Shop our Originals Vic Roads Safety Vest as well as the latest men's and women's work clothes, work boots, accessories and more. Shop today at KingGee Australia",Vest,https://www.kinggee.com/dw/image/v2/BJCV_PRD/on/demandware.static/-/Sites-wwg-m-kinggee-catalog/default/dw49030aa1/images/hi-res/k57016_red_1.jpg?sw=1024&sh=1024,29.95,Active,,,,,https://www.kinggee.com/au/p/originals_vic_roads_safety_vest/K57016.html
wwg-kinggee-k69790,wwg-kinggee-k69790,Workcool Long Sleeve Polo Shirt,KingGee,"Shop our Workcool Long Sleeve Polo Shirt as well as the latest men's and women's work clothes, work boots, accessories and more. Shop today at KingGee Australia",Shirt,https://www.kinggee.com/dw/image/v2/BJCV_PRD/on/demandware.static/-/Sites-wwg-m-kinggee-catalog/default/dw8c33528b/images/hi-res/k69790_nav_1.jpg?sw=1024&sh=1024,44.95,Active,,,,,https://www.kinggee.com/au/p/workcool_long_sleeve_polo_shirt/K69790.html
wwg-kinggee-k83000,wwg-kinggee-k83000,Wildlands Firefighting Trouser,KingGee,"Shop our Wildlands Firefighting Trouser as well as the latest men's and women's work clothes, work boots, accessories and more. Shop today at KingGee Australia",KingGee,https://www.kinggee.com/dw/image/v2/BJCV_PRD/on/demandware.static/-/Sites-wwg-m-kinggee-catalog/default/dw67fbf1e8/images/hi-res/k83000_gld_1.jpg?sw=1024&sh=1024,204.95,Active,,,,,https://www.kinggee.com/au/p/wildlands_firefighting_trouser/K83000.html
wwg-kinggee-k84003,wwg-kinggee-k84003,Women’s Shieldtec LENZING™ FR Hi-Vis Open Front Taped Shirt PPE2,KingGee,"Shop our Women’s Shieldtec LENZING&trade; FR Hi-Vis Open Front Taped Shirt PPE2 as well as the latest men's and women's work clothes, work boots, accessories and more. Shop today at KingGee Australia",Shirt,https://www.kinggee.com/dw/image/v2/BJCV_PRD/on/demandware.static/-/Sites-wwg-m-kinggee-catalog/default/dw09040c1b/images/hi-res/k84003_ora_1.jpg?sw=1024&sh=1024,189.95,Active,,,,,https://www.kinggee.com/au/p/women%E2%80%99s_shieldtec_lenzing%E2%84%A2_fr_hi-vis_open_front_taped_shirt_ppe2/K84003.html
wwg-kinggee-k99196,wwg-kinggee-k99196,Trademark Bucket Hat,KingGee,"Shop our Trademark Bucket Hat as well as the latest men's and women's work clothes, work boots, accessories and more. Shop today at KingGee Australia",Cap/Hat,https://www.kinggee.com/dw/image/v2/BJCV_PRD/on/demandware.static/-/Sites-wwg-m-kinggee-catalog/default/dwf0f9df8e/images/hi-res/k99196_bla_1.jpg?sw=1024&sh=1024,24.95,Active,,,,,https://www.kinggee.com/au/p/trademark_bucket_hat/K99196.html
wwg-kinggee-y02520,wwg-kinggee-y02520,ShieldTec FR Flat Front Cargo Pant PPE2,KingGee,"Shop our ShieldTec FR Flat Front Cargo Pant PPE2 as well as the latest men's and women's work clothes, work boots, accessories and more. Shop today at KingGee Australia",Pant,https://www.kinggee.com/dw/image/v2/BJCV_PRD/on/demandware.static/-/Sites-wwg-m-kinggee-catalog/default/dw961ee868/images/hi-res/y02520_nav_1.jpg?sw=1024&sh=1024,169.95,Active,,,,,https://www.kinggee.com/au/p/shieldtec_fr_flat_front_cargo_pant_ppe2/Y02520.html
wwg-kinggee-y04150,wwg-kinggee-y04150,ShieldTec FR Hi Vis Closed Front Taped Shirt PPE2,KingGee,"Shop our ShieldTec FR Hi Vis Closed Front Taped Shirt PPE2 as well as the latest men's and women's work clothes, work boots, accessories and more. Shop today at KingGee Australia",Shirt,https://www.kinggee.com/dw/image/v2/BJCV_PRD/on/demandware.static/-/Sites-wwg-m-kinggee-catalog/default/dw62ea0b00/images/hi-res/y04150_sor_1.jpg?sw=1024&sh=1024,149.95,Active,,,,,https://www.kinggee.com/au/p/shieldtec_fr_hi_vis_closed_front_taped_shirt_ppe2/Y04150.html
wwg-twe-hard-yakka-mens-edge-wide-leg-short-ripstop-desert-y05028,wwg-twe-hard-yakka-mens-edge-wide-leg-short-ripstop-desert-y05028,Hard Yakka Men's Edge Wide Leg Short Ripstop - Desert,Hard Yakka,"The Hard Yakka EDGE Ripstop Short combines rugged durability with a relaxed fit for superior comfort. Made from stretch ripstop fabric, these shorts are designed for tough work environments while offering modern styling and functional features.Product Features: Reinforced Areas: Double-layer panels on pocket flaps and back yoke for durability. Functional Storage: Angled cargo pockets with concealed zip compartments. Hybrid Waistband: Tailored front with internal drawcord channel for adjustable fit. Metal Hardware: YKK zippers and metal shank button for secure closure. Garment Wash: Silicone finish for a softer feel. UPF 50+ Protection",Short,https://cdn.shopify.com/s/files/1/0571/5447/0066/files/y05028_dst_1.jpg?v=1781654057,69.00,Active,,,,,https://www.totallyworkwear.com.au/products/hard-yakka-mens-edge-wide-leg-short-ripstop-desert-y05028
wwg-twe-rb-sellars-womens-peppin-half-zip-jumper-classic-navy-wju5130,wwg-twe-rb-sellars-womens-peppin-half-zip-jumper-classic-navy-wju5130,RB Sellars Women's Peppin Half Zip Jumper - Classic Navy,Totally Workwear,"Made from a heavy weight merino wool blend, the Peppin Jumper is luxurious to touch and warm to wear. Layer over our fine cotton shirts for a sophisticated look to take you through the cooler months at work.Details & Fit 70% Australian merino wool, 30% nylon Heavy weight YKK zip half placket Rib stand collar Cuffs & waistband Luxurious hand feel Regular fitModel wears size 8Model height: 177cm",Jumper,https://cdn.shopify.com/s/files/1/0571/5447/0066/files/Untitleddesign-2025-11-18T154520.146.png?v=1763441131,110.00,Active,,,,,https://www.totallyworkwear.com.au/products/rb-sellars-womens-peppin-half-zip-jumper-classic-navy-wju5130
wwg-twe-nxp-mens-blueprint-relaxed-muscle-tee-solid-black-npwmt02,wwg-twe-nxp-mens-blueprint-relaxed-muscle-tee-solid-black-npwmt02,NXP Men's Blueprint Relaxed Muscle Tee - Solid Black,Totally Workwear,"Totally Workwear - Australia’s largest network service provider of Workwear, Work Boots, Footwear, Hi Vis, Safety and Uniforms.",Tee/T-Shirt,https://cdn.shopify.com/s/files/1/0571/5447/0066/files/Untitleddesign_23.png?v=1755483406,35.00,Active,,,,,https://www.totallyworkwear.com.au/products/nxp-mens-blueprint-relaxed-muscle-tee-solid-black-npwmt02
wwg-twe-pro-choice-unisex-arax-impact-glove-black-aig,wwg-twe-pro-choice-unisex-arax-impact-glove-black-aig,Pro Choice Unisex Arax Impact Glove - Black,Pro Choice,"FEATURES Highest Level Cut Protection, Level “F” ANSI Level 1 Impact rated to protect back of hand and fingers. Nitrile Sand Dip for extreme wet and oily grip. Seamless construction for enhanced comfort and breathability. Certified Protection for the most extreme work environements. Velcro Cuff Closure for easy fitting.",Glove,https://cdn.shopify.com/s/files/1/0571/5447/0066/files/AIG_1.jpg?v=1748403881,29.00,Active,,,,,https://www.totallyworkwear.com.au/products/pro-choice-unisex-arax-impact-glove-black-aig
wwg-twe-kinggee-womens-hyper-tec-sport-berry-k26497,wwg-twe-kinggee-womens-hyper-tec-sport-berry-k26497,KingGee Women's Hyper-Tec Sport - Berry,King Gee,"Drawing inspiration and design from the athletic industry, the KingGee HyperTec range redefines hybrid industrial safety gear. This first to market technology innovation ensures lightweight, responsive, and comfortable footwear that meets industrial safety standards. The Hyper Rebound midsole makes use of cutting edge athletic footwear technology to significantly increase cushion and support for long days on your feet. • Lightweight Mesh Upper• Composite Safety Toe• Hyper Rebound Midsole• SRC Slip Resistance• 300°C Rubber Outsole• REPREVE® Mesh Lining",Totally Workwear,https://cdn.shopify.com/s/files/1/0571/5447/0066/files/K26497_RO_2024.jpg?v=1725933963,179.00,Active,,,,,https://www.totallyworkwear.com.au/products/kinggee-womens-hyper-tec-sport-berry-k26497
wwg-twe-nnt-womens-reversible-belt-black-brown-catkul,wwg-twe-nnt-womens-reversible-belt-black-brown-catkul,NNT Women's Reversible Belt - Black Brown,NNT,"PRODUCT DESCRIPTION Switch up your look with with the Leather Prong Reversible Belt, a versatile accessory that seamlessly blends fashion with function. This belt offers a unique twist, quite literally, with its 180-degree twist buckle design. The matte-black hardware adds a touch of sophistication to your wardrobe. Crafted from genuine leather, this belt is a testament to quality and durability, ensuring it'll be a long-lasting addition to your collection. PRODUCT FEATURES Reversible styling Smooth matte finish Black metal buckle with clasp detail to allow for 'cut to size' customisation 180 degree-twist buckle design Six size adjustments Genuine leather FABRIC & CARE Materials: Leather Care Instructions: Use a soft cloth to wipe down with a water and soap mix. Wipe down leather only and avoid the buckle.",Belt,https://cdn.shopify.com/s/files/1/0571/5447/0066/files/catkul_bbn_m.jpg?v=1708655722,39.00,Active,,,,,https://www.totallyworkwear.com.au/products/nnt-womens-reversible-belt-black-brown-catkul
wwg-twe-nnt-womens-next-gen-antibacterial-active-krester-jogger-scrub-pants-black-catq48,wwg-twe-nnt-womens-next-gen-antibacterial-active-krester-jogger-scrub-pants-black-catq48,NNT Women's Next-Gen Antibacterial Active Kretser Jogger Scrub Pants - Black,NNT,"NNT's Kretser Jogger Scrub Pant will change the way you think about workwear. The unisex slim-fit design is cut from a soft stretch cotton blend for a sports-inspired look and feel. The tapered leg with its ankle length cuff creates a modern, streamlined silhouette and there's plenty of pockets to store your essentials. You'll appreciate the comfortable stretch-rib waistband with an internal drawcord to create a perfectly tailored fit. Slim fit Pull on jogger style pant Tapered leg Designed to sit well with sneakers Stretch rib waistband with elastic and internal draw cord Slant pockets at hip Patch pocket on right leg with grosgrain tape partitions Zip pocket on left leg Patch pocket on rear Green ID loop at right waist Stretch rib cuffs Fabric finished with Polygiene technology - an antibacterial treatment designed for the healthcare sector to keeps clothes fresh for longer All woven labels are made with recycled polyester from post-consumer waste materials, including recycled PET bottles",Pant,https://cdn.shopify.com/s/files/1/0571/5447/0066/files/catq48_bla_m.jpg?v=1693283817,49.00,Active,,,,,https://www.totallyworkwear.com.au/products/nnt-womens-next-gen-antibacterial-active-krester-jogger-scrub-pants-black-catq48
wwg-twe-hard-yakka-womens-raptor-short-shorts-desert-y08497,wwg-twe-hard-yakka-womens-raptor-short-shorts-desert-y08497,Hard Yakka Women's Raptor Short Shorts - Desert,Hard Yakka,These Slim fit Raptor short shorts are versatile and can be worn both on and off of the worksite. They are designed to be very durable made with a robust Ripstop fabric with added CTE3 panels for reinforcement on all the stress zones to protect against tear and abrasion. The Polyester content in the fabric is made from REPREVE yarn technology. REPREVE uses recycled water bottles reducing the number of bottles that end up in landfill. Features: Durable Cotton rich ripstop fabric with sustainable REPREVE yarn technology Active fit waistband Reinforced CTE3 panels for abrasion and tear resistance Two Front Slanted side pockets Two back Patch pockets Crotch Gusset for flexibility and ease of movement Beltloop extension which forms a keyleep on wearer's RHS Triple needle stitching on all high stress areas for seam strength Reflective logo prints,Short,https://cdn.shopify.com/s/files/1/0571/5447/0066/files/0027_Y08497Desert.png?v=1688693972,59.00,Active,,,,,https://www.totallyworkwear.com.au/products/hard-yakka-womens-raptor-short-shorts-desert-y08497
wwg-twe-kinggee-mens-urban-coolmax-cuff-pant-classic-k13013,wwg-twe-kinggee-mens-urban-coolmax-cuff-pant-classic-k13013,KingGee Men's Urban Coolmax Cuff Pants - Classic,King Gee,"Coolmax All Seasons comfort technology Stretch denim with internal comfort stretch waistband Two front pockets, two back patch pockets Two utility pockets RHS Crotch gusset for improved movement Slim fit pantMaterials 71% Cotton 28% Coolmax 1% Lycra 11.5oz",Pant,https://cdn.shopify.com/s/files/1/0571/5447/0066/files/0331_K13013Classic.png?v=1687416246,99.00,Active,,,,,https://www.totallyworkwear.com.au/products/kinggee-mens-urban-coolmax-cuff-pant-classic-k13013
wwg-twe-chef-works-unisex-hartford-chef-coat-black-bclz008,wwg-twe-chef-works-unisex-hartford-chef-coat-black-bclz008,Chef Works Unisex Hartford Chef Coat - Black,Totally Workwear,"Hartford is your day-in-and-day-out hero. It feels executive, even if the price point doesn't.The Hartford Chef Jacket is the ultimate blend of modern style and kitchen-ready functionality. Crafted from a durable poly/cotton blend, this jacket is designed to withstand the rigors of a busy kitchen while providing exceptional comfort. Featuring Cool Vent™ side panels, it offers superior breathability, keeping you cool during intense services. The roll-up long sleeves with tab holders and side seam slits ensure ease of movement and adaptability. With its zipper closure, and a left sleeve thermometer pocket, the Hartford Chef Jacket combines a contemporary look with practical features, making it an indispensable choice for any chef.Product Features Available in white, black, navy, blue and graphite 65% Polyester, 35% Cotton Blend 160 g XS-3XL Cool Vent side panels Side-seam slits Roll-up long sleeve with tab Single-breasted with zipper closure Back-collar apron holder with snap tab Left sleeve thermometer pocket",Coat,https://cdn.shopify.com/s/files/1/0571/5447/0066/files/0117_BCLZ008Black.png?v=1689733113,59.00,Active,,,,,https://www.totallyworkwear.com.au/products/chef-works-unisex-hartford-chef-coat-black-bclz008
wwg-twe-hard-yakka-mens-foundations-permanent-press-cargo-short-with-bionic-supercrease-,wwg-twe-hard-yakka-mens-foundations-permanent-press-cargo-short-with-bionic-supercrease-,Hard Yakka Men's Foundations Permanent Press Cargo Shorts with Bionic & Supercrease Finish - Midnight,Hard Yakka,"Leave the iron in the cupboard with these Easy Care mid-weight shorts made from 80% polyester and 20% viscose fabric with a Teflon and Supercrease finish that resists stains and retains the leg crease. Bionic Finish Cargo & mobile phone bellow pockets with flaps Hip pockets with flaps Nylon zip fly & plastic button closure Materials 245gsm, 80% polyester/ 20% viscose fabric",Short,https://cdn.shopify.com/s/files/1/0571/5447/0066/files/0061_Y05590Midnight.png?v=1688649655,69.00,Active,,,,,https://www.totallyworkwear.com.au/products/hard-yakka-mens-foundations-permanent-press-cargo-short-with-bionic-supercrease-finish-midnight-y05590
wwg-twe-kinggee-mens-drycool-short-dune-k17013,wwg-twe-kinggee-mens-drycool-short-dune-k17013,KingGee Men's Drycool Shorts - Dune,King Gee,Moisture control fabric with stretch ripstop construction LHS cargo pocket with touch tape closure RHS cargo pocket with zip closure Crotch gusset for improved movement Materials 94% Nylon 6% Spandex 140gsm,Short,https://cdn.shopify.com/s/files/1/0571/5447/0066/files/0248_K17013Dune.png?v=1687760069,69.00,Active,,,,,https://www.totallyworkwear.com.au/products/kinggee-mens-drycool-short-dune-k17013
wwg-twe-kinggee-mens-originals-hi-vis-polyester-vest-yellow-k57001,wwg-twe-kinggee-mens-originals-hi-vis-polyester-vest-yellow-k57001,KingGee Men's Originals Hi-Vis Polyester Vest - Yellow,King Gee,"KingGee Hi-Vis Polyester VestA lightweight Hi-Vis vest designed for visibility and ease of wear. Featuring a secure front closure and self colour binding, it's ideal for any worksite requiring high visibility.Product Features: Centre front hook and loop fastener closure Lightweight Hook and loop closure Ideal for day time use only",Vest,https://cdn.shopify.com/s/files/1/0571/5447/0066/files/1_432aa56a-1441-42e8-bf0a-d7597e80127c.png?v=1775692757,8.00,Active,,,,,https://www.totallyworkwear.com.au/products/kinggee-mens-originals-hi-vis-polyester-vest-yellow-k57001
wwg-twe-fxd-mens-dura-x2-mid-cut-industrial-boots-wheat-1,wwg-twe-fxd-mens-dura-x2-mid-cut-industrial-boots-wheat-1,FXD Men's Dura-X2 Mid Cut Industrial Boots - Wheat,FXD,"FXD Dura-X Two is a 5” mid cut, high performance puncture resistant industrial work boot built for construction trades, forestry and arboriculture, landscaping, manufacturing, and prospecting. The Dura-X Two is built on a Nitrocore™ sole system that fuses the upper, midsole and outsole, providing support and comfort in the harshest worksite environments.Product Features • Nitrocore™ sole system fuses the upper, midsole and outsole to provide high level support in the harshest worksite environments• Anti-static. Microscopic conductive metal particles in the midsole and outsole work with a carbon thread in the footbed to disperse electrical charges that build up in the body• Highly durable moulded rubber ventilation system delivers maximum airflow to expel heat and regulate internal temperature. The system is backed with a protective membrane that repels moisture and liquid while maintaining breathability• Ultra-wide zip guard with branded grip tab• Unique slimline TPU moulded bump cap design for reduced bulk• Airport friendly composite toe protection• Inset moulded airport friendly non-metallic eyelets• Silicon backed upper chassis helps to minimise impact to the foot from unexpected knocks• Puncture resistant insole board is lightweight, flexible and non-metallic• PU and memory foam footbed with a Poron® heel pad elevates underfoot comfort• Wider fit last• Internal heel and forefoot Nitrocore™ impact absorption pads for energy rebound and comfort• 300⁰C heat resistant rubber ",Boot,https://cdn.shopify.com/s/files/1/0571/5447/0066/files/Untitleddesign-2026-02-18T114006.136.png?v=1771375225,249.00,Active,,,,,https://www.totallyworkwear.com.au/products/fxd-mens-dura-x2-mid-cut-industrial-boots-wheat-1
wwg-twe-syzmik-mens-outdoor-short-sleeve-shirt-navy-zw465,wwg-twe-syzmik-mens-outdoor-short-sleeve-shirt-navy-zw465,Syzmik Men's Outdoor Short Sleeve Shirt - Navy,Syzmik,"100% Polyester Ripstop, 100 GSM Syzmik's lightest weight shirt ever at just 100 GSM Super breathable lightweight fabric to keep you cool all day Extra-large under arm mesh and upper back venting to maximise air flow Crinkle resistant lightweight fabric makes this shirt easy to pack in a small bag 2 Chest pockets 1 Mobile phone chest zip pocket Contrast colour inside placket Sun and wind breaker collar",Short,https://cdn.shopify.com/s/files/1/0571/5447/0066/files/www.syzmik.com_product_zw465.png?v=1755669584,55.00,Active,,,,,https://www.totallyworkwear.com.au/products/syzmik-mens-outdoor-short-sleeve-shirt-navy-zw465
wwg-twe-hard-yakka-mens-closed-front-workshirt-green-y04004,wwg-twe-hard-yakka-mens-closed-front-workshirt-green-y04004,Mustang Men's Closed Front Workshirt - Green,Totally Workwear,"Experience unbeatable comfort and durability with the Men's Closed Front Workshirt. Crafted from sturdy cotton fabric, this shirt is designed to withstand the rigors of farm work and beyond. With its closed front design and classic silhouette, it offers a timeless look that never goes out of style. Whether you're working on the land or tackling DIY projects at home, the Closed Front Workshirt is your go-to choice for reliable performance. Closed front Two piece collar with collar stand Twin chest pocket with flap Left chest pocket with pen partition on the flap Mustang Pip label on wearer’s right chest pocket flap Curved Back and Front, back hem longer than front hem closure Adjustable Sleeve cuff “Signature” PU Leather Pip at wearers back right hem of shirt Back Yoke with twin pleats 100% Cotton, 2/1 Twill Peached finish 150gsm",Totally Workwear,https://cdn.shopify.com/s/files/1/0571/5447/0066/files/4f26620f-2b10-40c6-8106-6d5ea142e6d0.jpg?v=1748395585,39.00,Active,,,,,https://www.totallyworkwear.com.au/products/hard-yakka-mens-closed-front-workshirt-green-y04004
wwg-twe-kinggee-womens-hyper-tec-sport-black-k26498,wwg-twe-kinggee-womens-hyper-tec-sport-black-k26498,KingGee Women's Hyper-Tec Leather - Black,King Gee,"Drawing inspiration and design from the athletic industry, the KingGee HyperTec range redefines hybrid industrial safety gear. This first to market technology innovation ensures lightweight, responsive, and comfortable footwear that meets industrial safety standards. The Hyper Rebound midsole makes use of cutting edge athletic footwear technology to significantly increase cushion and support for long days on your feet. • Water Resistant Full Grain Leather Upper• Lightweight Mesh Upper• Composite Safety Toe• Hyper Rebound Midsole• SRC Slip Resistance• 300°C Rubber Outsole• REPREVE® Mesh Lining",Totally Workwear,https://cdn.shopify.com/s/files/1/0571/5447/0066/files/K26498_RO_2024.jpg?v=1725934096,189.00,Active,,,,,https://www.totallyworkwear.com.au/products/kinggee-womens-hyper-tec-sport-black-k26498
wwg-twe-nnt-mens-chino-pant-black-catcnm,wwg-twe-nnt-mens-chino-pant-black-catcnm,NNT Men's Chino Pant - Black,NNT,"PRODUCT DESCRIPTION Our bestselling Chino Pant has been reimagined and recut for an even better fit. You'll appreciate the modern slim-fit styling and smart waistband with button closure and belt loops that deliver a polished result. There are also four functional pockets to boost the design's hardworking credentials. It's cut from our durable yet comfortable stretch cotton blend and comes in three timeless colours that go with everything. PRODUCT FEATURES Slim fit styling Full length slim leg Front fly and button closure Five belt loops Two front slant pockets Two functional welt pockets with buttons at rear Comfort stretch and easy-care fabric All woven labels are made from recycled polyester of post-consumer origin, including recycled PET bottles FABRIC & CARE Materials: 97% Cotton, 3% Elastane Cotton rich,¬†Smooth and comfort stretch fabric and easy to care for. Care Instructions: Turn garment inside out Warm delicate machine wash Do not bleach Do not tumble dry Line dry in shade ‚Äì inside out Warm iron Dry cleanable SIZE & FIT Emmanuel wears a size 82 and is 183cm tall Tim wears a size 87 and is 183cm tall",Pant,https://cdn.shopify.com/s/files/1/0571/5447/0066/files/catcnm_bkp_1.jpg?v=1708648127,64.00,Active,,,,,https://www.totallyworkwear.com.au/products/nnt-mens-chino-pant-black-catcnm
wwg-twe-kinggee-mens-ref-crew-neck-fleece-yellow-navy-k55058,wwg-twe-kinggee-mens-ref-crew-neck-fleece-yellow-navy-k55058,KingGee Men's Reflective Crew Neck Fleece - Yellow/Navy,King Gee,"The go-to winter warmer. The Hi-Vis 1/4 Zip Fleece features a large kangaroo pocket and ribbed cuffs and waist, ensuring a perfect fit and keeping you warm through the coldest weather. Front Kangaroo pocket Welt phone pocket Crew neck rib collar Rib hem and cuff Stretch 50mm ReflecTEC tape Twin pen pocket on sleeve Materials: 120% Polyester, 320gsm brushed fleece.",Jumper,https://cdn.shopify.com/s/files/1/0571/5447/0066/files/K55058_YNA_1.jpg?v=1709179802,69.00,Active,,,,,https://www.totallyworkwear.com.au/products/kinggee-mens-ref-crew-neck-fleece-yellow-navy-k55058
wwg-twe-blundstone-310-elastic-sided-safety-boots-mens-black-twbawz,wwg-twe-blundstone-310-elastic-sided-safety-boots-mens-black-twbawz,Blundstone 310 Elastic Sided Safety Boots Men's - Black,Blundstone,"The 310 is a basic safety boot that's packed with features. A steel toe cap for maximum protection and XRD Extreme Impact Protection make for a more comfortable and safe day on the job.Features Black print leather elastic side safety boot Chelsea cut upper SPS Max XRD Technology in the heel strike zone for increased impact protection. Polyurethane midsole. Thermoplastic polyurethane (TPU) outsole highly resistant to hydrolysis and microbial attack oil, acid & organic fat resistant heat resistant to 140 degree Celsius slip resistant Comfort Air PU footbed which is anti-bacterial, breathable and washable Ergonomically engineered toe spring for reduced wearer fatigue Steel shank ensures correct step flex point, assists with torsional stability Full heel breast with arch support for ladder and gantry safety Electrical hazard resistant Broad fitting Type 1 steel toe cap tested to resist a 200 joule impact",Boot,https://cdn.shopify.com/s/files/1/0571/5447/0066/files/0131_310Black.png?v=1689211840,105.00,Active,,,,,https://www.totallyworkwear.com.au/products/blundstone-310-elastic-sided-safety-boots-mens-black-twbawz
wwg-twe-kinggee-mens-tradie-zip-sided-safety-boot-black-k27150,wwg-twe-kinggee-mens-tradie-zip-sided-safety-boot-black-k27150,KingGee Men's Tradie Zip Sided Safety Boots - Black,King Gee,"Wide profile steel toe cap 10 Gauge YKK Coil Zip ARZ+ Pad Technology TPU toe bump TPU outsole, PU midsole Dual-Layer Memory foam / PU footbed Dri-Lex lining with Aegis anti-microbial 130 Celsius heat resistant Anti-Static Certified to AS/NZS 2210.3:2009 Materials Water-Resistant Leather and Breathable nylon upper",Boot,https://cdn.shopify.com/s/files/1/0571/5447/0066/files/0038_K27150Black.png?v=1689141044,199.00,Active,,,,,https://www.totallyworkwear.com.au/products/kinggee-mens-tradie-zip-sided-safety-boot-black-k27150
wwg-twe-fuze-mens-t-shirt-short-sleeve-black-k14027,wwg-twe-fuze-mens-t-shirt-short-sleeve-black-k14027,FUZE Men's Short Sleeve T-Shirt - Black,Totally Workwear,"Get heads turning in a graphic tee shirt line no other. Blened from cotton and recycled polyester, you'll be ready to upgrade your go-to-tee-shirt for work, gym or street Graphic T Shirt Crew neckline Regular fit Short Sleeve Materials 55% BCI Cotton 45% Repreve Polyester 180gsm",Short,https://cdn.shopify.com/s/files/1/0571/5447/0066/files/0290_K14027Black.png?v=1687751072,29.00,Active,,,,,https://www.totallyworkwear.com.au/products/fuze-mens-t-shirt-short-sleeve-black-k14027
wwg-twe-hard-yakka-mens-drill-pant-taped-navy-y02540,wwg-twe-hard-yakka-mens-drill-pant-taped-navy-y02540,Hard Yakka Men's Drill Pants Taped - Navy,Hard Yakka,Pleat Front Slanted front pockets Twin back hip pockets FOB pocket RHS Darted back waist for comfort fit Phone pocket on RHS with touch tape closure Reflectec Tape Materials 290gsm Cotton Drill,Pant,https://cdn.shopify.com/s/files/1/0571/5447/0066/files/0050_Y02540Navy.png?v=1689216859,65.00,Active,,,,,https://www.totallyworkwear.com.au/products/hard-yakka-mens-drill-pant-taped-navy-y02540
wwg-twe-biz-collection-womens-kate-perfect-pant-black-bs507l,wwg-twe-biz-collection-womens-kate-perfect-pant-black-bs507l,Biz Collection Women's Kate Perfect Pants - Black,Totally Workwear,"KATE IS THE PERFECT PANT FOR YOU IF: you find pants fit at the waist but are too loose at the hip you have a slimmer thigh you have a petite or slender build Mid-rise with a flattering wider waistband Low profile front and back pockets Classic straight-leg shape Finished inseam length: 82cm Materials 4-way Stretch Comfort 62% Polyester, 34% Viscose, 4% Elastane",Pant,https://cdn.shopify.com/s/files/1/0571/5447/0066/files/0107_BS507LBlack.png?v=1689729365,65.00,Active,,,,,https://www.totallyworkwear.com.au/products/biz-collection-womens-kate-perfect-pant-black-bs507l
wwg-twe-blundstone-mens-405-elastic-sided-work-boots-brown,wwg-twe-blundstone-mens-405-elastic-sided-work-boots-brown,Blundstone Men's 405 Elastic Sided Work Boots - Brown,Blundstone,"The 405 is built to support your feet, its an ideal choice if you work hard but dont need a safety toe cap. Brown waxy leather elastic side boot SPS Max - XRD Technology in the heel strike zone for increased impact protection Polyurethane midsole. Thermoplastic polyurethane (TPU) outsole highly resistant to hydrolysis and microbial attack Oil, acid & organic fat resistant Heat resistant to 140 degrees Celsius Slip resistant Ergonomically engineered toe spring for reduced wearer fatigue Steel shank ensures correct step flex point, assists with torsional stability Comfort Air PU Footbed - breathable, washable, anti-bacterial",Boot,https://cdn.shopify.com/s/files/1/0571/5447/0066/files/0127_405Brown.png?v=1689211716,93.75,Active,,,,,https://www.totallyworkwear.com.au/products/blundstone-mens-405-elastic-sided-work-boots-brown
wwg-twe-buff-safety-unisex-coolnet-uv-multifunctional-neckwear-solid-night-blue-xb119328,wwg-twe-buff-safety-unisex-coolnet-uv-multifunctional-neckwear-solid-night-blue-xb119328,Buff Safety Unisex Coolnet Uv Multifunctional Neckwear - Solid Night Blue,Totally Workwear,"Built for Ultimate Sun Protection - BUFF® CoolNet UV® Multifunctional Neckwear is 95% recycled - engineered with REPREVE® performance microfibre, HeiQ cooling technology, Polygiene® odour control and has a 4-Way, seamless, ULTRA STRETCH fabric construction that features UPF 50 sun protection. Can be worn 12 different ways - from cap to balaclava, neck gaiter to hair tie - for optimal performance and protection, personalised style and a perfect fit.Product Features: Recycled CoolNet® fabric: 95% recycled polyester microfibre featuring ultimate moisture management properties, cooling effect, UV UPF 50 protection and ultralight weight Designed in one piece and without any seams to obtain maximum comfort while also preventing skin irritation Made using recycled materials. Do more Now and help creating a better world to enjoy Reflective details that keep you visible in low light conditions UPF 50 certified sun protection against ultraviolet (UV) radiation produced by the sun. Samples of fabrics tested for UV protection in accordance with the international standards Wide range of wearing styles and possibilities. Enjoy versatility and freedom in one product",Totally Workwear,https://cdn.shopify.com/s/files/1/0571/5447/0066/files/Aroundcontainerwitharoundcontainerwitharoundcontainerwitharoundcontainerwitharoundcontainerwitharoundcontainerwitharoundcontainerwitharoundcontainerwitharoundcont_7.png?v=1778045647,39.00,Active,,,,,https://www.totallyworkwear.com.au/products/buff-safety-unisex-coolnet-uv-multifunctional-neckwear-solid-night-blue-xb119328-779-10-00
wwg-twe-hard-yakka-mens-evolution-6inch-lace-sand-y60139,wwg-twe-hard-yakka-mens-evolution-6inch-lace-sand-y60139,"Hard Yakka Men's Evolution 6"" Lace - Sand",Hard Yakka,"Step into the future of tough with the Evolution workboot. Built for demanding worksites, it features a steel toe cap, full-grain nubuck leather, and a reinforced TPU toe bumper for uncompromising protection and durability. Lightweight with a modern fit and slip-resistant outsole, Evolution is designed for comfort, stability, and performance all day on the job.PRODUCT FEATURES Steel toe cap Full Grain Nubuck 300° Heat Resistant Outsole Fuel Oil Resistant EVA Midsole TPU toe bumper HY PU Memory Footbed Oxford Mesh collar YKK Coil zipper Anti-Static SRC rated Maxium Slip Resistant",Totally Workwear,https://cdn.shopify.com/s/files/1/0571/5447/0066/files/Y60139_SAND_LEFTANGLE.jpg?v=1774584190,189.00,Active,,,,,https://www.totallyworkwear.com.au/products/hard-yakka-mens-evolution-6inch-lace-sand-y60139
wwg-twe-nxp-mens-sydney-legal-tee-jet-black-waflss-t03,wwg-twe-nxp-mens-sydney-legal-tee-jet-black-waflss-t03,NXP Men's Sydney Legal Tee - Jet Black,Totally Workwear,"Need a reliable tee that works as hard as you do? The Sydney Swans Legal Tee in Jet Black delivers slim-fit style with serious comfort and team loyalty built in.Lightweight and Sustainable: Made from 185GSM midweight cotton and 40% recycled fibres.Unbeatable Odour Defence: The inclusion of Silvadur™️ fabric treatment ensures lasting freshness by combatting odour-causing bacteria, keeping you feeling fresh and comfortable all day long.Tailored Fit: Slim through the body and arms with a curved hem and longline design — clean, modern, and built for movement.Classic and Easy: Blacked-out styling makes this a versatile base for your daily kit.",Tee/T-Shirt,https://cdn.shopify.com/s/files/1/0571/5447/0066/files/WAFLSS-T03-JBLK-1739.jpg?v=1755477910,69.00,Active,,,,,https://www.totallyworkwear.com.au/products/nxp-mens-sydney-legal-tee-jet-black-waflss-t03
wwg-twe-pro-choice-traffic-cone-orange-700mm-reflective-orange-reflective-tc700r,wwg-twe-pro-choice-traffic-cone-orange-700mm-reflective-orange-reflective-tc700r,Pro Choice Traffic Cone Orange 700Mm + Reflective - Orange Reflective,Pro Choice,High quality orange PVC Providing even greater visibility 700mm height 250mm reflective tape complies to AS/NZS 1906.1:2007 standard,Totally Workwear,https://cdn.shopify.com/s/files/1/0571/5447/0066/files/TC700R.jpg?v=1750123020,43.00,Active,,,,,https://www.totallyworkwear.com.au/products/pro-choice-traffic-cone-orange-700mm-reflective-orange-reflective-tc700r
wwg-twe-fast-aid-misc-r1-vehicle-max-soft-pack-na-far1v30,wwg-twe-fast-aid-misc-r1-vehicle-max-soft-pack-na-far1v30,"Fast Aid Misc R1, Vehicle Max, Soft Pack - Blue",Totally Workwear,"Blue fabric soft pack Tough water-resistant backed fabric TGA registered no. 128314 Compliant for 1-10 persons vehicles Ideal for work or recreational vehicle applications The FastAid R1 Vehicle Max™ first aid kit is the ideal grab and run deluxe vehicle first aid kit designed to suit any work or recreational vehicle.Compliant with the current WHS regulations for 1-10 persons in a work vehicle, the FastAid R1 Vehicle Max™ ensures peace of mind knowing you exceed compliance requirements.Loaded with essential TGA registered quality hospital grade extras including splinter probes, hydrogel burn gel, saline eye wash, instant ice pack, this first aid kit has a wide range of first aid essentials to treat common injuries sustained in the vehicle environment.Unique colour coded contents make locating the right item in an emergency faster and easier.Highly portable medium sized case with internal fold out compartments for easy organisation, ensuring you are ready for that unexpected roadside emergency.Compliance:Number of persons: 1-10Application: VehicleRisk level: N/AOther risks: N/AIndustry: Aged care, Agriculture, Civil, Construction, Education, Healthcare, Manufacturing, Office, Trades, Transport, Vehicle, Workplace Click here to view Product Specification Sheet containing contents and dimension information.",Totally Workwear,https://cdn.shopify.com/s/files/1/0571/5447/0066/files/Picture4_79b9d57b-e26c-4f80-b9f9-7f06aed4ed3a.png?v=1752634292,89.00,Active,,,,,https://www.totallyworkwear.com.au/products/fast-aid-misc-r1-vehicle-max-soft-pack-na-far1v30
wwg-twe-bolle-mens-stks-410-safety-glasses-clear-clear-stk41n11a,wwg-twe-bolle-mens-stks-410-safety-glasses-clear-clear-stk41n11a,Bolle STKS 410 Safety Glasses - Clear/Clear,Totally Workwear,"Stay sharp and protected indoors with STKS Safety Glasses by Bolle. Featuring clear polycarbonate lenses with 90% light transmission, these glasses offer unparalleled clarity and comfort. The advanced PLATINUM coating provides top-notch anti-fog and anti-scratch protection, while the eco-friendly frame, made from over 71% recycled polycarbonate, adds a touch of modern style.",Totally Workwear,https://cdn.shopify.com/s/files/1/0571/5447/0066/files/STK41N11A_STKS_410_Crystal_Clear_RIGHT.jpg?v=1722918280,35.00,Active,,,,,https://www.totallyworkwear.com.au/products/bolle-mens-stks-410-safety-glasses-clear-clear-stk41n11a
wwg-twe-hard-yakka-mens-core-short-sleeve-tee-navy-y19251,wwg-twe-hard-yakka-mens-core-short-sleeve-tee-navy-y19251,Hard Yakka Men's Core Short Sleeve Tee - NAVY,Hard Yakka,A regular fit T-shirt made with a premium quality 100% Cotton fabric which is sourced from Australian Cotton farms. This T-Shirt has a soft hand feel and is comfortable to wear. Regular fit Breathable fabric Crew neck short sleeve T-shirt Rib neckline Soft hand feel Materials: Australian Cotton; 160gsm (100% Cotton),Short,https://cdn.shopify.com/s/files/1/0571/5447/0066/files/Y19251_NAVY_1.jpg?v=1695271925,19.00,Active,,,,,https://www.totallyworkwear.com.au/products/hard-yakka-mens-core-short-sleeve-tee-navy-y19251
wwg-twe-kinggee-mens-workcool-2-shorts-black-k17820,wwg-twe-kinggee-mens-workcool-2-shorts-black-k17820,KingGee Men's Workcool 2 Shorts - Black,King Gee,"KingGee Workcool does what it says - keeps you cool while you're working. Technology and innovation are delivered in spades with this range, delivering maximum comfort in hot conditions. Features Modern contoured fit Ten multifunctional pockets Extra reinforcing with triple stitching Materials Cotton Ripstop 235gsm",Short,https://cdn.shopify.com/s/files/1/0571/5447/0066/files/0225_K17820Black.png?v=1687761012,59.00,Active,,,,,https://www.totallyworkwear.com.au/products/kinggee-mens-workcool-2-shorts-black-k17820
wwg-twe-jbs-wear-mens-hi-vis-spider-polo-short-sleeve-orange-navy-6hsp,wwg-twe-jbs-wear-mens-hi-vis-spider-polo-short-sleeve-orange-navy-6hsp,JB's Wear Men's Hi Vis Spider Short Sleeve Polo - Orange/Navy,Totally Workwear,"Totally Workwear - Australia’s largest network service provider of Workwear, Work Boots, Footwear, Hi Vis, Safety and Uniforms.",Short,https://cdn.shopify.com/s/files/1/0571/5447/0066/files/0234_6HSPOrangeNavy.png?v=1689303073,25.00,Active,,,,,https://www.totallyworkwear.com.au/products/jbs-wear-mens-hi-vis-spider-polo-short-sleeve-orange-navy-6hsp
wwg-twe-nnt-unisex-next-gen-antibacterial-active-rontgen-scrub-pant-cobalt-catq4f,wwg-twe-nnt-unisex-next-gen-antibacterial-active-rontgen-scrub-pant-cobalt-catq4f,NNT Unisex Next-Gen Antibacterial Active Rontgen Scrub Pants - Cobalt,NNT,"Our bestselling scrub pants are now even better. Meet the Next-Gen Antibacterial Rontgen Scrub Pant - an update on the super comfortable Unisex Rontgen design you know and love. The elasticised waistband with drawcord remains to ensure a customisable fit. But the style is now cut from our new and improved fabric, exclusive to NNT, which combines the softness and breathability of cotton with added stretch for comfort. A unique antibacterial finish offers extra protection and lasting freshness on even the busiest days. The cargo pocket with contrasting toggle pull is a smart finishing touch. Features Classic fit Straight-leg design Tunnel waistband with elastic and self fabric draw cord Two hip pockets with contrast key loop at right Utility pocket on right outer leg with pen pocket and hidden utility loops Cargo pocket on left outer leg with zip, plus NNT branded cord and toggle pull Patch pocket on back right side Knee panels on front of leg for ease of movement A sustainable antibacterial finish has been applied for long-lasting freshness Materials NNT Next-Gen Antibacterial Active Scrubs 53% Polyester 34% Cotton 11% Lyocell 2% Elastane A new and improved fabric unique to NNT featuring an antibacterial finish to prevent odour and bacteria. It has a soft touch, the comfort of stretch and the added benefit of cotton, a natural fibre for breathability.",Pant,https://cdn.shopify.com/s/files/1/0571/5447/0066/files/0136_CATQ4FCobalt.png?v=1689742928,49.00,Active,,,,,https://www.totallyworkwear.com.au/products/nnt-unisex-next-gen-antibacterial-active-rontgen-scrub-pant-cobalt-catq4f
wwg-twe-kinggee-mens-3-pack-bamboo-work-socks-black-k09230,wwg-twe-kinggee-mens-3-pack-bamboo-work-socks-black-k09230,KingGee Men's 3 Pack Bamboo Work Socks - Black,King Gee,Made in Australia Comfort seam free sock Naturally antibacterial Renewable resource making it an environmentally friendly choice Ultra-Violet protective properties Breathable Materials 72% Bamboo Viscose / 25% Nylon / 3% Elastane,Totally Workwear,https://cdn.shopify.com/s/files/1/0571/5447/0066/files/K09230Black.png?v=1690243231,45.00,Active,,,,,https://www.totallyworkwear.com.au/products/kinggee-mens-3-pack-bamboo-work-socks-black-k09230
wwg-twe-fxd-mens-wp-4-stretch-cuff-work-pant-black,wwg-twe-fxd-mens-wp-4-stretch-cuff-work-pant-black,FXD Men's WP-4 Stretch Cuff Work Pants - Black,FXD,"FXD WP-4 Stretch Cuffed Work Pants In Khaki Are A Regular Fit With A Slimmer Leg And Elastic Cuffed Ankles. The WP-4 Stretch Cuffed Work Pant Is The Most Comfortable Work Pant On The Market And Features Dura500 Advanced Nylon And Polyurethane Canvas Abrasion Panels On The Pockets. FXD WP-4 Stretch Cuffed Work Pants Are Built For Movement And Unmatched Comfort. Regular fit, 360 Degree stretch cuffed pant 8.8oz 295gsm Formatik&trade cotton 360 Degree stretch reversed peach twill Elastic cuffed DURA500 Materials: 8.8oz 295gsm Formatik&trade cotton 360 Degree stretch reversed peach twill",Pant,https://cdn.shopify.com/s/files/1/0571/5447/0066/files/0165_WP4Black.png?v=1687849553,109.00,Active,,,,,https://www.totallyworkwear.com.au/products/fxd-mens-wp-4-stretch-cuff-work-pant-black
wwg-twe-bolle-unisex-rush-2-0-safety-glasses-smoke-ruspmn20a,wwg-twe-bolle-unisex-rush-2-0-safety-glasses-smoke-ruspmn20a,Bolle Unisex Rush+ 2.0 Safety Glasses - Smoke,Totally Workwear,"Bolle Safety Rush+ 2.0 Safety Glasses in SmokeThe RUSH+ 2.0, our iconic model, is designed to withstand the harshest work environments, making it a trusted choice for all professionals. Recognized for its comfortable wear, RUSH+ 2.0 is engineered with wide opening hinges and a flexible nosepiece, ensuring a better fit by minimising gaps and reducing pressure points.RUSH+ 2.0 eco-friendly: made from 28% recycled materials. Its wide lens, coated with our exclusive Platinum anti-fog and anti-scratch solution, optimises the wearer’s vision, while the variety of lens tints available make RUSH+ 2.0 suitable for even the most demanding work conditions.This product is sized Medium/LargeProduct Features: Comfortable fit: Ergonomic temples & hinges Adaptive: Multiple lens options available Optimal vision: Platinum coated Sustainable: Made of 28% recycled material Weight: 34g Frame Type: Rimless Frame Material: Recycled PC/TPR Standards: AS/NZS 1337.1:2010",Totally Workwear,https://cdn.shopify.com/s/files/1/0571/5447/0066/files/1_9c652364-2408-4a42-9b6c-4d77e58745ac.png?v=1776751238,20.00,Active,,,,,https://www.totallyworkwear.com.au/products/bolle-unisex-rush-2-0-safety-glasses-smoke-ruspmn20a
wwg-twe-skechers-womens-uno-sr-black-108021,wwg-twe-skechers-womens-uno-sr-black-108021,Skechers Women's Uno Sr - Black,Totally Workwear,"A favourite sneaker looks gets to business in comfort and safety with the SKECHERS Work Relaxed Fit: Uno SR shoe. Smooth durable synthetic upper in a lace up casual sporty work slip resistant sneaker oxford with emboss and perforation accents. Air Cushion heel, Memory Foam insole. Product Features Relaxed Fit® for a roomy comfort fit at toe and forefoot Skechers Air-Cooled Memory Foam® cushioned comfort insole Skech-Air® visible airbag midsole Slip-resistant traction outsole Durable perforated synthetic durabuck upper with lace-up front 1 3/4-inch heel height Skechers® logo detail Durable perforated synthetic durabuck upper with lace-up front 1 3/4-inch heel height Skechers® logo detail",Totally Workwear,https://cdn.shopify.com/s/files/1/0571/5447/0066/files/3_8f22e39f-cd43-4974-816f-d81435f5fa4e.png?v=1768170587,159.00,Active,,,,,https://www.totallyworkwear.com.au/products/skechers-womens-uno-sr-black-108021
wwg-twe-fxd-mens-wp-12-elastic-waisted-stretch-ripstop-pants-black,wwg-twe-fxd-mens-wp-12-elastic-waisted-stretch-ripstop-pants-black,FXD Men's Wp-12 Elastic Waisted Stretch Ripstop Pants - Black,FXD,"FXD WP.12 Elastic Waist Stretch Ripstop Work Pant is built using a durable lightweight 240GSM / 7.1oz stretch ripstop and features DURA500™ advanced nylon abrasion-resistant reinforcing in high wear zones. DURA500™ is constructed using a 500 denier, polyurethane-coated nylon Oxford and delivers long-lasting durability with enhanced tear and abrasion resistance. FitRegular fit Fabric57% Cotton, 40% Polyester, 3% Spandex Features and Benefits • Durable lightweight 240GSM 7.1oz 2-way stretch ripstop• DURA500™ advanced abrasion-resistant reinforcing in high wear zones• Multi-functional utility pockets• One-piece leg gusset for additional comfort• YKK™ nylon coil zippers• Knee darts for shape and comfort• Stress point bar-tacks• Triple-needle stitched side seams• 50+ UPF excellent protection AU/NZ Standards • 50+ UPF excellent protection• Meets standard: AS 4399:2020• Sun protective clothing – Evaluation and classification",Pant,https://cdn.shopify.com/s/files/1/0571/5447/0066/files/Untitleddesign_41.png?v=1762837472,109.00,Active,,,,,https://www.totallyworkwear.com.au/products/fxd-mens-wp-12-elastic-waisted-stretch-ripstop-pants-black
wwg-twe-pro-choice-unisex-pvc-single-dipped-red-27cm-glove-red-pvc27,wwg-twe-pro-choice-unisex-pvc-single-dipped-red-27cm-glove-red-pvc27,Pro Choice Unisex Pvc Single Dipped Red 27Cm Glove - Red,Pro Choice,Resistant to oil and grease 27cm length Interlock lined for easy on/off One Size Fits All,Glove,https://cdn.shopify.com/s/files/1/0571/5447/0066/files/PVC27_1.jpg?v=1750117590,4.00,Active,,,,,https://www.totallyworkwear.com.au/products/pro-choice-unisex-pvc-single-dipped-red-27cm-glove-red-pvc27
wwg-twe-chef-works-mens-lightweight-slim-chef-pants-black-pbn01,wwg-twe-chef-works-mens-lightweight-slim-chef-pants-black-pbn01,Chef Works Men's Lightweight Slim Chef Pants - Black,Totally Workwear,"Our goals with the Men's Lightweight Slim Chef Pants were comfort, function and style. We achieved all three and so much more with these pants that chefs absolutely love! Move with a purpose and look good while you're doing it!The Lightweight Slim Fit Chef Pants are designed for ultimate comfort and style in the kitchen. Made from a lightweight, breathable fabric, these pants ensure you stay cool and comfortable throughout your shift. The slim fit design offers a modern, professional look, with an elastic waistband and drawstring for comfort. Featuring multiple pockets, including a back pocket and two side seam pockets, these pants offer ample storage for your essentials. Durable and easy to care for, the Lightweight Slim Fit Chef Pants are the perfect blend of functionality and contemporary style for any culinary professional.Product Features Available in black only 65% Polyester, 35% Cotton Blend 160 g XS-4XL Elastic waistband with drawstring Zipper fly Side leg panel and back leg seam detail Double-needle stitching Reinforced stress points Two side-seam pockets",Pant,https://cdn.shopify.com/s/files/1/0571/5447/0066/files/Picture26.jpg?v=1771290514,49.00,Active,,,,,https://www.totallyworkwear.com.au/products/chef-works-mens-lightweight-slim-chef-pants-black-pbn01
wwg-twe-nnt-womens-satin-back-crepe-sleeveless-blouse-white-catuqx,wwg-twe-nnt-womens-satin-back-crepe-sleeveless-blouse-white-catuqx,NNT Women's Satin Back Crepe Sleeveless Blouse - White,NNT,"Our new Satin Back Crepe Sleeveless Top is the definition of modern ease. The classic silhouette is cut from a luxe, lightweight fabric with the look and feel of silk - minus the upkeep. You'll appreciate its easy-care credentials and effortless, slip-on design when you're pushed for time. The flattering V neckline is enhanced with delicate pleat detailing, while the hem features side splits and is extended at the back, meaning the design looks just as good worn loose as it does tucked in. Classic fit V-neckline Sleeveless styling Double-layer finish at front Small pleat detail at neckline Side splits for ease of movement Straight front hemline Longer curved back hemline All woven labels are made from recycled polyester of post-consumer origin, including recycled PET bottles Materials: 100% Polyester A lightweight fabric with the look and feel of silk. Ideal for a modern professional look. Easy-care. Care Instructions: Wash Separately Before Use Warm Gentle Machine Wash Wash Inside Out Do Not Bleach Line Dry In Shade Do Not Tumble Dry Cool Iron Dry Cleanable (P) Classic fit Alice wears a size 8 and is 181cm tall Brenna wears a size 16 and is 181cm tall Like to know more about the fit? Meet our NNT Talent.",Totally Workwear,https://cdn.shopify.com/s/files/1/0571/5447/0066/files/catuqx_wht_1.jpg?v=1719467701,69.00,Active,,,,,https://www.totallyworkwear.com.au/products/nnt-womens-satin-back-crepe-sleeveless-blouse-white-catuqx
wwg-twe-hard-yakka-mens-core-short-sleeve-tee-grey-marle-y19251,wwg-twe-hard-yakka-mens-core-short-sleeve-tee-grey-marle-y19251,Hard Yakka Men's Core Short Sleeve Tee - GREY MARLE,Hard Yakka,A regular fit T-shirt made with a premium quality 100% Cotton fabric which is sourced from Australian Cotton farms. This T-Shirt has a soft hand feel and is comfortable to wear. Regular fit Breathable fabric Crew neck short sleeve T-shirt Rib neckline Soft hand feel Materials: Australian Cotton; 160gsm (100% Cotton),Short,https://cdn.shopify.com/s/files/1/0571/5447/0066/files/Y19251_GREYMARLE_1.jpg?v=1695271919,19.00,Active,,,,,https://www.totallyworkwear.com.au/products/hard-yakka-mens-core-short-sleeve-tee-grey-marle-y19251
wwg-twe-kinggee-mens-originals-hoodie-black-k05008,wwg-twe-kinggee-mens-originals-hoodie-black-k05008,KingGee Men's Originals Hoodie - Black,King Gee,"Totally Workwear - Australia’s largest network service provider of Workwear, Work Boots, Footwear, Hi Vis, Safety and Uniforms.",Jumper,https://cdn.shopify.com/s/files/1/0571/5447/0066/files/0371_K05008Black.png?v=1687412830,69.00,Active,,,,,https://www.totallyworkwear.com.au/products/kinggee-mens-originals-hoodie-black-k05008
wwg-twe-kinggee-mens-comfortmax-gusset-elastic-sided-boots-sand-k25361,wwg-twe-kinggee-mens-comfortmax-gusset-elastic-sided-boots-sand-k25361,KingGee Men's Comfortmax Gusset Elastic Sided Boots - Sand,King Gee,Sand suede leather upper Recycled pre-consumer TPU outsole plate and toe bump PU/Memory foam footbed with Agion antimicrobial tech Cosmo Lunar lining with ultra foam and antimicrobial tech Minimal internal seams providing maximum comfort Extra-long pull on loops for easy on-off Certified to AS 2210.3:2019 Materials Sand suede leather upper,Boot,https://cdn.shopify.com/s/files/1/0571/5447/0066/files/0053_K25361Sand.png?v=1689141521,155.00,Active,,,,,https://www.totallyworkwear.com.au/products/kinggee-mens-comfortmax-gusset-elastic-sided-boots-sand-k25361
wwg-twe-nnt-unisex-next-gen-antibacterial-active-koller-scrub-top-cobalt-catrfu,wwg-twe-nnt-unisex-next-gen-antibacterial-active-koller-scrub-top-cobalt-catrfu,NNT Unisex Next-Gen Antibacterial Active Koller Scrub Top - Cobalt,NNT,"It's the go-to style that's now even harder working. The Next-Gen Antibacterial Koller Scrub Top offers an update on our classic bestseller, thanks to a clever new breathable cotton-rich fabric that's soft to the touch and ultra-comfortable to wear. Exclusive to NNT, it's coated with a unique antibacterial finish for extra protection and lasting freshness even on the busiest days. The contrasting colour panels at the V neckline and hip pockets add interest and personality to this functional design. For a plain block colour option, try the Next-Gen Antibacterial Carl Scrub Top. Features Classic fit V neckline with short raglan sleeve Front hip pockets with multiple features including, pen partitions, a contrast key loop on left side and hidden utility loops Patch pocket on left front chest with pen partition Straight hem with side splits at hem for ease of movement Contrast neckline and pocket feature panel A sustainable antibacterial finish has been applied for long-lasting freshness Materials NNT Next-Gen Antibacterial Active Scrubs 53% Polyester 34% Cotton 11% Lyocell 2% Elastane A new and improved fabric unique to NNT featuring an antibacterial finish to prevent odour and bacteria. It has a soft touch, the comfort of stretch and the added benefit of cotton, natural fibre for breathability.",Totally Workwear,https://cdn.shopify.com/s/files/1/0571/5447/0066/files/0130_CATRFUCobalt.png?v=1689734474,45.00,Active,,,,,https://www.totallyworkwear.com.au/products/nnt-unisex-next-gen-antibacterial-active-koller-scrub-top-cobalt-catrfu
wwg-twe-hard-yakka-mens-foundations-cotton-drill-long-sleeve-shirt-green-y07500,wwg-twe-hard-yakka-mens-foundations-cotton-drill-long-sleeve-shirt-green-y07500,Hard Yakka Men's Foundations Cotton Drill Long Sleeve Shirt - Green,Hard Yakka,"Form meets function in this long sleeve, pre-shrunk cotton drill shirt with high vis day use option. Pleated back Two piece collar & stand Two button down chest pockets Pen partition in left pocket Full open front closure Materials 185gsm, preshrunk 100% cotton drill",Shirt,https://cdn.shopify.com/s/files/1/0571/5447/0066/files/0044_Y07500Green.png?v=1688693385,59.00,Active,,,,,https://www.totallyworkwear.com.au/products/hard-yakka-mens-foundations-cotton-drill-long-sleeve-shirt-green-y07500
wwg-twe-kinggee-mens-kinggee-drycool-pant-navy-k13007,wwg-twe-kinggee-mens-kinggee-drycool-pant-navy-k13007,KingGee Men's Drycool Pants - Navy,King Gee,Moisture control fabric with stretch ripstop construction LHS cargo pocket with touch tape closure RHS cargo pocket with zip closure Airflow vents on inner leg Crotch gusset for improved movement Materials 94% Nylon 6% Spandex 140gsm,Pant,https://cdn.shopify.com/s/files/1/0571/5447/0066/files/0336_K13007Navy.png?v=1687415171,99.00,Active,,,,,https://www.totallyworkwear.com.au/products/kinggee-mens-kinggee-drycool-pant-navy-k13007
wwg-twe-hard-yakka-mens-toughmaxx-cuffed-pant-black-y02203,wwg-twe-hard-yakka-mens-toughmaxx-cuffed-pant-black-y02203,Hard Yakka Men's Toughmaxx Cuffed Pant - Black,Hard Yakka,"Totally Workwear - Australia’s largest network service provider of Workwear, Work Boots, Footwear, Hi Vis, Safety and Uniforms.",Pant,https://cdn.shopify.com/s/files/1/0571/5447/0066/files/1_915bef7f-91e8-42ac-9c68-4942770184ba.png?v=1775698348,75.00,Active,,,,,https://www.totallyworkwear.com.au/products/hard-yakka-mens-toughmaxx-cuffed-pant-black-y02203
wwg-twe-rb-sellars-womens-springfield-half-btn-l-s-shirt-washed-navy-wsh0300,wwg-twe-rb-sellars-womens-springfield-half-btn-l-s-shirt-washed-navy-wsh0300,RB Sellars Women's Springfield Half Btn L/S Shirt - Washed Navy,Totally Workwear,"Summer's favourite shirt. Drawn from the style and cut of our Sandy Workshirt, the Springfield is made in a breezy cotton poplin, vintage wash and large range of styles and colourways – you'll want them all.Details & Fit 100% cotton Summer weight Two back pleats Adjustable cuffs Two chest pockets with flap closures and penslip Scooped hem Reinforced double stitching Relaxed fitModel wears size 8Model height: 175cm",Shirt,https://cdn.shopify.com/s/files/1/0571/5447/0066/files/Untitled_design_-_2025-11-24T140632.463.png?v=1763953600,59.95,Active,,,,,https://www.totallyworkwear.com.au/products/rb-sellars-womens-springfield-half-btn-l-s-shirt-washed-navy-wsh0300
wwg-twe-fast-aid-misc-r1-vehicle-max-soft-pack-blue,wwg-twe-fast-aid-misc-r1-vehicle-max-soft-pack-blue,"Fast Aid Misc R1, Vehicle Max, Soft Pack - Blue",Totally Workwear,"The FastAid R1 Vehicle Max™ first aid kit is the ideal grab and run deluxe vehicle first aid kit designed to suit any work or recreational vehicle.Compliant with the current WHS regulations for 1-10 persons in a work vehicle, the FastAid R1 Vehicle Max™ ensures peace of mind knowing you exceed compliance requirements.Loaded with essential TGA registered quality hospital grade extras including splinter probes, hydrogel burn gel, saline eye wash, instant ice pack, this first aid kit has a wide range of first aid essentials to treat common injuries sustained in the vehicle environment.Unique colour coded contents make locating the right item in an emergency faster and easier.Highly portable medium sized case with internal fold out compartments for easy organisation, ensuring you are ready for that unexpected roadside emergency.To view the Product Specification Sheet, click here.",Totally Workwear,https://cdn.shopify.com/s/files/1/0571/5447/0066/files/Picture1_b1eb7a0b-9c0c-4f61-a020-71d98f338f16.png?v=1769574294,89.00,Active,,,,,https://www.totallyworkwear.com.au/products/fast-aid-misc-r1-vehicle-max-soft-pack-blue
wwg-twe-pro-choice-unisex-knee-pads-proflex-soft-shell-black-kpss,wwg-twe-pro-choice-unisex-knee-pads-proflex-soft-shell-black-kpss,Pro Choice Unisex Knee Pads Proflex Soft Shell - Black,Pro Choice,"Non slip, non marking soft shell Soft shell flexes with knee, allowing greater mobility of joint Suitable for use on all interior floors Two adjustable hook and loop straps for easy donning and doffing",Totally Workwear,https://cdn.shopify.com/s/files/1/0571/5447/0066/files/KPSS.jpg?v=1750117063,45.00,Active,,,,,https://www.totallyworkwear.com.au/products/pro-choice-unisex-knee-pads-proflex-soft-shell-black-kpss
wwg-twe-nnt-womens-textured-fleece-zip-front-vest-navy-cat74n,wwg-twe-nnt-womens-textured-fleece-zip-front-vest-navy-cat74n,NNT Women's Textured Fleece Zip Front Vest - Navy,NNT,"Experience the ultimate in comfort and durability with NNT's textured fleece fabric. Soft and warm, this fabric boasts excellent moisture-wicking properties, ensuring you stay dry and comfortable. It is designed to resist fading, is machine washable, and offers easy care. Stand up collar, with chin guard protection Zip front with semi-auto lock zip, to prevent zip opening on active days Soft elastic bind at hem, armhole and neck edge One chest pocket with semi-autolock zip closure Two hip pockets with semi-autolock zip closure, with key loop inside right pocket Unlined, with soft brushed fleece inner fabric for warmth and comfort",Vest,https://cdn.shopify.com/s/files/1/0571/5447/0066/files/bb746465-7871-408e-85b7-2eaf8330f7a9.jpg?v=1744260229,79.00,Active,,,,,https://www.totallyworkwear.com.au/products/nnt-womens-textured-fleece-zip-front-vest-navy-cat74n
wwg-twe-nnt-womens-satin-back-crepe-sleeveless-blouse-navy-catuqx,wwg-twe-nnt-womens-satin-back-crepe-sleeveless-blouse-navy-catuqx,NNT Women's Satin Back Crepe Sleeveless Blouse - Navy,NNT,"Our new Satin Back Crepe Sleeveless Top is the definition of modern ease. The classic silhouette is cut from a luxe, lightweight fabric with the look and feel of silk - minus the upkeep. You'll appreciate its easy-care credentials and effortless, slip-on design when you're pushed for time. The flattering V neckline is enhanced with delicate pleat detailing, while the hem features side splits and is extended at the back, meaning the design looks just as good worn loose as it does tucked in. Classic fit V-neckline Sleeveless styling Double-layer finish at front Small pleat detail at neckline Side splits for ease of movement Straight front hemline Longer curved back hemline All woven labels are made from recycled polyester of post-consumer origin, including recycled PET bottles Materials: 100% Polyester A lightweight fabric with the look and feel of silk. Ideal for a modern professional look. Easy-care. Care Instructions: Wash Separately Before Use Warm Gentle Machine Wash Wash Inside Out Do Not Bleach Line Dry In Shade Do Not Tumble Dry Cool Iron Dry Cleanable (P) Classic fit Alice wears a size 8 and is 181cm tall Brenna wears a size 16 and is 181cm tall Like to know more about the fit? Meet our NNT Talent.",Totally Workwear,https://cdn.shopify.com/s/files/1/0571/5447/0066/files/catuqx_nav_1.jpg?v=1719467693,69.00,Active,,,,,https://www.totallyworkwear.com.au/products/nnt-womens-satin-back-crepe-sleeveless-blouse-navy-catuqx
wwg-twe-hard-yakka-mens-toughmaxx-short-shorts-black-y05164,wwg-twe-hard-yakka-mens-toughmaxx-short-shorts-black-y05164,Hard Yakka Men's Toughmaxx Short Shorts - BLACK,Hard Yakka,"Our new stylish ToughMaxx short shorts are made with a soft and durable cotton rich fabric. These shorts are in a regular fit and functional for any worksite as well as for everyday wear. The crotch gusset allows flexibility and the elasticated waist makes them comfortable with the added stretch. Regular Fit Elasticated waistband with belt loops and drawstring fastening Zip front closure Crotch gusset with twin needle stitching Front side pockets Back welt pockets Contrast canvas fabric Tradie ruler pocket UPF 50+ Rating Materials: Main: Cotton Elastane, 270gsm (98% Cotton, 2% Elastane) Contrast: 60% Cotton, 38% Polyester, 2% Elastane, 260gsm",Short,https://cdn.shopify.com/s/files/1/0571/5447/0066/files/Y05164_BLACK_1.jpg?v=1695272102,55.00,Active,,,,,https://www.totallyworkwear.com.au/products/hard-yakka-mens-toughmaxx-short-shorts-black-y05164
wwg-twe-blundstone-8561-rotoflex-6-safety-boot-mens-black-twbknp,wwg-twe-blundstone-8561-rotoflex-6-safety-boot-mens-black-twbknp,"Blundstone Men's 8561 RotoFlex 6"" Safety Boot- Black",Blundstone,"Biomechanically engineered for all-day comfort and safety, the black 8561 features Blundstones new Fortalite composite toe cap for lightweight and long-lasting protection.Features: Black water-resistant leather upper safety boot, 150mm height 6 eyelet lace up with unique metal free, friction resistant lace rings Laces are manufactured from recycled PET Durable, heavy duty zip with industrial grade zip fastener New lining made from recycled PET offers moisture wicking and long-lasting performance Streamlined TPU toe guard for added leather protection INFINERGY E-TPU, is a super elastic energy foam that is soft but resilient, providing enhanced cushioning and reducing the impact of every step. GRIPTEK HD, biomechanically designed TPU outsole designed for optimum grip and stability. abrasion resistant and heat resistant to 140C oil, acid and organic fat resistant highly resistant to hydrolysis and microbial attack FORTALITE, broad fitting compression-resistant composite toe cap provides safety without the weight. Tested to resist a 200 joule impact. AIRCELL, uniquely constructed zoned airflow footbed is designed with specialised breathing channels to activate ventilation, moisture control and provide full-body cushioned comfort. The footbed is anti-bacterial, washable and breathable. SOFTCELL, the overarching comfort system utilising a combination of specialist materials and the unique biomechanical foot-cradling design to increase stability, balance, comfort and manoeuvrability",Boot,https://cdn.shopify.com/s/files/1/0571/5447/0066/files/0113_8561Black.png?v=1689210431,259.00,Active,,,,,https://www.totallyworkwear.com.au/products/blundstone-8561-rotoflex-6-safety-boot-mens-black-twbknp
wwg-twe-pro-choice-unisex-v9-hard-hat-vented-racthet-harness-white-hhv9r,wwg-twe-pro-choice-unisex-v9-hard-hat-vented-racthet-harness-white-hhv9r,Pro Choice Unisex V9 Hard Hat Vented Racthet Harness - White,Pro Choice,"Lightweight, durable ABS shell 9 air vents for increased air circulation & comfort 6 point ratchet harness Sweatband prevents perspiration build-up Extended peak for added protection Edge gutter to deflect rain",Cap/Hat,https://cdn.shopify.com/s/files/1/0571/5447/0066/files/0041_HHV9RWhite.png?v=1689921566,23.00,Active,,,,,https://www.totallyworkwear.com.au/products/pro-choice-unisex-v9-hard-hat-vented-racthet-harness-white-hhv9r
wwg-twe-fxd-womens-wp-4w-cuff-work-pant-khaki,wwg-twe-fxd-womens-wp-4w-cuff-work-pant-khaki,FXD Women's WP-4W Cuff Work Pants - Khaki,FXD,Trade and performance tested women's fit 8.8 ounce 295gsm Formatik stretch reversed peach cotton twill Elastic cuffed ankles Dura500 advanced polyester canvas abrasion panels Double layer pocket bags Multiple trade utility pockets YKK zip fly Triple needle seams Materials 8.8 ounce 295gsm Formatik stretch reversed peach cotton twill,Pant,https://cdn.shopify.com/s/files/1/0571/5447/0066/files/0161_WP4WKhaki.png?v=1687849718,109.00,Active,,,,,https://www.totallyworkwear.com.au/products/fxd-womens-wp-4w-cuff-work-pant-khaki
wwg-twe-jbs-wear-mens-hi-vis-traditional-singlet-lime-navy-6hts,wwg-twe-jbs-wear-mens-hi-vis-traditional-singlet-lime-navy-6hts,JB's Wear Men's Hi Vis Traditional Singlet - Lime/Navy,Totally Workwear,"This Traditional Singlet is made from polyester fabric. This easy care, quick drying fabric is treated for moisture wicking and helps keeping you cool and dry. This two-toned Hi-Vis singlet has straight hem with side splits for comfort of movement.Materials 100% polyester in a 160 GSM micro mesh fabric",Totally Workwear,https://cdn.shopify.com/s/files/1/0571/5447/0066/files/0231_6HTSLimeNavy.png?v=1689302954,12.00,Active,,,,,https://www.totallyworkwear.com.au/products/jbs-wear-mens-hi-vis-traditional-singlet-lime-navy-6hts
wwg-twe-nnt-womens-helix-dry-slim-leg-pant-navy-cat3nz,wwg-twe-nnt-womens-helix-dry-slim-leg-pant-navy-cat3nz,NNT Women's Helix Dry Slim Leg Pants - Navy,NNT,Part of the Helix Dry suiting range- the slim leg pant is a modern necessity for any industry. Feel comfortable with these true length slim legs pants. Back waist darts for a superior fit. Key loop. 6 belt loops. Centre front fly front opening with button closure. Slant side pockets. 4cm hem allowance. Materials HELIX DRY- PLAIN MECH STRETCH 100% Polyester,Pant,https://cdn.shopify.com/s/files/1/0571/5447/0066/files/0072_CAT3NZNavy.png?v=1689644296,49.00,Active,,,,,https://www.totallyworkwear.com.au/products/nnt-womens-helix-dry-slim-leg-pant-navy-cat3nz
wwg-twe-biz-collection-unisex-unisex-classic-scrubs-pant-hunter-green-h10610,wwg-twe-biz-collection-unisex-unisex-classic-scrubs-pant-hunter-green-h10610,Biz Collection Unisex Classic Scrubs Pants - Hunter Green,Totally Workwear,"High-performance soft touch fabric Natural stretch fabric for added comfort Laundry friendly - can be laundered to hygienic 80C 155 GSM 2 Front slant pockets and 2 cargo pockets with functional inner right Materials 65% Polyester, 35% Cotton",Pant,https://cdn.shopify.com/s/files/1/0571/5447/0066/files/0066_H10610HunterGreen.png?v=1689642163,35.00,Active,,,,,https://www.totallyworkwear.com.au/products/biz-collection-unisex-unisex-classic-scrubs-pant-hunter-green-h10610
wwg-twe-syzmik-mens-1-2-zip-pullover-navy-charcoal-zt366,wwg-twe-syzmik-mens-1-2-zip-pullover-navy-charcoal-zt366,Syzmik Men's 1/2 Zip Pullover - Navy/Charcoal,Syzmik,"Syzmik 1/2 Zip PulloverBuilt for cold mornings, long shifts, and everything in between, the Syzmik Unisex 1/4 Zip Brushed Fleece Pullover delivers premium warmth without compromising on function. With a heavyweight brushed fleece construction, it’s designed to keep you comfortable when the temperature drops.The soft inner fleece provides all-day comfort, while the half-zip design allows for easy layering and temperature control throughout the day. Practical storage is built in with secure zip hip pockets to keep valuables safe, plus a woven double pen pocket on the arm for quick access to essentials. A chin guard adds extra comfort when fully zipped, making it ideal for early starts and late finishes.Features Premium heavyweight 320 GSM brushed fleece Soft fleece interior for maximum comfort in cold conditions Half zip construction for easy layering and ventilation Two zip hip pockets for secure storage Woven double pen pocket on arm for added functionality Chin guard for enhanced comfort UPF 50 sun protection",Totally Workwear,https://cdn.shopify.com/s/files/1/0571/5447/0066/files/1_9ca4924d-1de5-4bbb-8d78-d7d058dbc4c9.png?v=1778041198,65.00,Active,,,,,https://www.totallyworkwear.com.au/products/syzmik-mens-1-2-zip-pullover-navy-charcoal-zt366
wwg-twe-kinggee-mens-originals-hi-vis-taped-l-s-shirt-orange-k54019,wwg-twe-kinggee-mens-originals-hi-vis-taped-l-s-shirt-orange-k54019,KingGee Men's Originals Hi-Vis Taped L/S Shirt - Orange,King Gee,"KingGee Men's Originals Hi-Vis Taped L/S ShirtThe Originals Hi-Vis Drill Shirt is crafted for comfort and safety. Featuring reflective tape and a 2 piece collar, this heavyweight and breathable work shirt is suitable for day and night use.Product Features: Twin chest pockets with flap and button closure Pen partition on LHS 2 piece collar 50mm ReflectTEC tape Ideal for day and night use",Shirt,https://cdn.shopify.com/s/files/1/0571/5447/0066/files/K54019-ora-image1-1028x1372.jpg?v=1776318670,59.09,Active,,,,,https://www.totallyworkwear.com.au/products/kinggee-mens-originals-hi-vis-taped-l-s-shirt-orange-k54019
wwg-twe-fxd-mens-wp-12-cuffed-elastic-waisted-stretch-ripstop-pants-black,wwg-twe-fxd-mens-wp-12-cuffed-elastic-waisted-stretch-ripstop-pants-black,FXD Men's Wp-12 Cuffed Elastic Waisted Stretch Ripstop Pants - Black,FXD,"FXD WP.12C Elastic Waist Stretch Ripstop Work Pant is built using a durable lightweight 240GSM / 7.1oz stretch ripstop and features DURA500™ advanced nylon abrasion-resistant reinforcing in high wear zones.DURA500™ is constructed using a 500 denier, polyurethane-coated nylon Oxford and delivers long-lasting durability with enhanced tear and abrasion resistance. FitRegular fit Fabric57% Cotton, 40% Polyester, 3% Spandex Features and Benefits • Durable lightweight 240GSM 7.1oz 2-way stretch ripstop• DURA500™ advanced abrasion-resistant reinforcing in high wear zones• Multi-functional utility pockets• One-piece leg gusset for additional comfort• YKK™ nylon coil zippers• Knee darts for shape and comfort• Stress point bar-tacks• Triple-needle stitched side seams• Elasticated cuff at hem• 50+ UPF excellent protection AU/NZ Standards • 50+ UPF excellent protection• Meets standard: AS 4399:2020• Sun protective clothing – Evaluation and classification",Pant,https://cdn.shopify.com/s/files/1/0571/5447/0066/files/Untitled_design_34.png?v=1762836074,109.00,Active,,,,,https://www.totallyworkwear.com.au/products/fxd-mens-wp-12-cuffed-elastic-waisted-stretch-ripstop-pants-black
wwg-twe-anthem-mens-victory-short-navy-p6020,wwg-twe-anthem-mens-victory-short-navy-p6020,Anthem Men's Victory Short - Navy,Totally Workwear,"Active workwear that combines street wear in a flexible package, that's strong enough to outperform the competition in any discipline. Highly practical Active elastic waist, zipper and flap dual cargo pocket, hammer loop, ruler pocket, oxford nylon overlays through out. - Enough said. Features: 270 GSM 97% Cotton 3% Elastane Twill Construction Heavy duty nylon elastane stretch breathable panels in crotch for extra moment and comfort Active elastic embossed waistband Flat drawcord at waist for the perfect fit 8 Inch Inseam Heavy duty nylon elastane insert at hem Oxford nylon overlays on all key wear areas. Zipper pocket Flap velcro cargo pocket Ruler pocket Mobile phone pocket with velcro closure Hammer loop Anthem Performance workwear locker patch To view the Sizing Chart for the Anthem Men's Victory Short, click here.",Short,https://cdn.shopify.com/s/files/1/0571/5447/0066/files/5_7.png?v=1753054456,79.00,Active,,,,,https://www.totallyworkwear.com.au/products/anthem-mens-victory-short-navy-p6020
wwg-twe-fast-aid-misc-first-aid-kit-easyrefill-metal-wall-mount-white-fae10,wwg-twe-fast-aid-misc-first-aid-kit-easyrefill-metal-wall-mount-white-fae10,"Fast Aid Misc First Aid Kit, Easyrefill, Metal Wall Mount - White",Totally Workwear,"The FastAid Easy-Refill™ first aid kit is a revolutionary colour coded easy-access first aid kit perfect for any workplace looking to be WHS compliant and better first aid prepared, whilst reducing the cost of first aid. Fast and easy to audit and replenish, the Easy-Refill™ first aid kit comes with an online app to DIY audit and order replenishments 24/7. Easy-Refill™ helps reduce costly call out service fees and saves you waiting for on-site service, helping you stay compliant, prepared and ready to respond. Colour coded first aid contents make identifying the correct item to use in an emergency easy. Contents also incorporate an 'easy-open' box system to enable you to see what has been opened since your last audit and requires replenishment. Integrated first aid treatment guide helps to ensure effective response to common workplace injuries and to assist responders in being able to easily select the correct contents for first aid treatment. Housed in a durable wall mountable metal cabinet, the Easy-Refill™ kit is built with heavier gauge steel than standard, ensuring your first aid kit can withstand the rigours of the workplace. Exceeds requirements of the national WHS Code of Practice for low-risk workplaces with up to 25 persons. The Easy-Refill™ kit also has room to accommodate FastAid's additional risk modules for high-risk workplaces. Click here to view Product Specification Sheet for kit contents, features and product specifications.",Totally Workwear,https://cdn.shopify.com/s/files/1/0571/5447/0066/files/Screenshot_20-2-2025_165230_fastaid.com.au.jpg?v=1741061937,379.00,Active,,,,,https://www.totallyworkwear.com.au/products/fast-aid-misc-first-aid-kit-easyrefill-metal-wall-mount-white-fae10
wwg-twe-bolle-mens-stks-420-safety-glasses-clear-clear-stk42n11a,wwg-twe-bolle-mens-stks-420-safety-glasses-clear-clear-stk42n11a,Bolle STKS 420 Safety Glasses - Clear/Clear,Totally Workwear,"The Bollé STKS 420 Safety Glasses combine contemporary styling with dependable eye protection for professionals who demand comfort, durability and performance throughout the workday. Designed for a wide range of workplaces and industries, these lightweight safety glasses deliver reliable protection without compromising on style.Built with Bollé's trusted safety expertise, the STKS 420 features a modern, athletic design that's comfortable enough for all-day wear. Crafted using more sustainable materials, they're made to withstand demanding work environments while providing the clear vision and lasting comfort you need to stay focused on the task at hand.Whether you're on site, in the workshop, warehouse or factory, the Bollé STKS 420 Safety Glasses offer premium protection with a sleek, professional look. Lens Color: Clear Light Transmission: 90% Frame Color: Crystal Material: Recycled Polycarbonate Lens Coating: PLATINUM for anti-scratch and anti-fog Weight: 28g Designed for all-day comfort and high performance, STKS Safety Glasses combine practical safety features with a stylish, contemporary design. Perfect for maintaining clear vision and sharp style indoors.",Totally Workwear,https://cdn.shopify.com/s/files/1/0571/5447/0066/files/STK42N11A_STKS_420_Crystal_Clear_RIGHT.jpg?v=1722923065,35.00,Active,,,,,https://www.totallyworkwear.com.au/products/bolle-mens-stks-420-safety-glasses-clear-clear-stk42n11a
wwg-twe-kinggee-mens-reflective-crew-neck-fleece-orange-k55059,wwg-twe-kinggee-mens-reflective-crew-neck-fleece-orange-k55059,KingGee Men's Reflective Crew Neck Fleece - Orange,King Gee,"The go-to winter warmer. The Hi-Vis Crew Neck Fleece features a large kangaroo pocket and ribbed cuffs and waist, ensuring a perfect fit and keeping you warm through the coldest weather. Front Kangaroo pocket Welt phone pocket Crew neck rib collar Rib hem and cuff Stretch 50mm ReflecTEC tape Twin pen pocket on sleeve Materials: 120% Polyester, 320gsm brushed fleece.",Jumper,https://cdn.shopify.com/s/files/1/0571/5447/0066/files/K55059_ORANGENAVY_1.jpg?v=1700026462,69.00,Active,,,,,https://www.totallyworkwear.com.au/products/kinggee-mens-reflective-crew-neck-fleece-orange-k55059
wwg-twe-fuze-mens-boardie-navy-k17018,wwg-twe-fuze-mens-boardie-navy-k17018,FUZE Men's Boardie - Navy,Totally Workwear,Moisture control fabric with a stretch ripstop construction Gel grip cord for a customised fit Secure back pocket Angled side pockets Materials 140gsm 94% Nylon 6% Spandex,Totally Workwear,https://cdn.shopify.com/s/files/1/0571/5447/0066/files/0236_K17018Navy.png?v=1687760473,79.00,Active,,,,,https://www.totallyworkwear.com.au/products/fuze-mens-boardie-navy-k17018
wwg-twe-hard-yakka-mens-3056-zero-short-bedrock-y05141,wwg-twe-hard-yakka-mens-3056-zero-short-bedrock-y05141,Hard Yakka Men's 3056 Zero Shorts - Bedrock,Hard Yakka,"Strength: Tear/Breaking Force 3 X stronger than Canvas/Ripstop Quick dry this is purely in the nature of the Nylon fibre. All trims are Eco friendly : elastic, drawcord and stitch thread Super Strong, Super Light, Quick Dry Materials 100% Recycled Nylon 140 gsm Lightweight Nylon",Short,https://cdn.shopify.com/s/files/1/0571/5447/0066/files/0076_Y05141Bedrock.png?v=1688646889,65.00,Active,,,,,https://www.totallyworkwear.com.au/products/hard-yakka-mens-3056-zero-short-bedrock-y05141
wwg-twe-nnt-womens-next-gen-antibacterial-active-nightingale-scrub-top-charcoal-catull,wwg-twe-nnt-womens-next-gen-antibacterial-active-nightingale-scrub-top-charcoal-catull,NNT Women's Next-Gen Antibacterial Active Nightingale Scrub Top - Charcoal,NNT,"It's the top you love that's now even harder working. The Next-Gen Antibacterial Nightingale Scrub Top offers an update on our bestselling style. A brand-new breathable, cotton-rich fabric makes this design even softer and more comfortable to wear. Exclusive to NNT, it's coated with a unique antibacterial finish for extra protection and lasting freshness even on the busiest days. The contrasting V neckline and side panels add interest and personality to this functional yet flattering design. For a block colour option, try the Next-Gen Antibacterial Florence Scrub Top. Features Classic fit V neckline Layered front hip pockets, pen pocket and hidden utility loops Contrast key loop outside lower left-hand pocket Back yoke with knife pleats and side splits at hem to allow for ease of movement Contrast side panels and neckline A sustainable antibacterial finish has been applied for long-lasting freshness Materials NNT Next-Gen Antibacterial Active Scrubs 53% Polyester 34% Cotton 11% Lyocell 2% Elastane A new and improved fabric unique to NNT featuring an antibacterial finish to prevent odour and bacteria. It has a soft touch, the comfort of stretch and the added benefit of cotton, a natural fibre for breathability.",Totally Workwear,https://cdn.shopify.com/s/files/1/0571/5447/0066/files/0085_CATULLCharcoal.png?v=1689658794,45.00,Active,,,,,https://www.totallyworkwear.com.au/products/nnt-womens-next-gen-antibacterial-active-nightingale-scrub-top-charcoal-catull
wwg-twe-kinggee-mens-hi-vis-pull-over-hoodie-orange-navy-k55033,wwg-twe-kinggee-mens-hi-vis-pull-over-hoodie-orange-navy-k55033,KingGee Men's Hi Vis Pull Over Hoodie - Orange/Navy,King Gee,An industrial fleece hoodie to keep you warm on siteMaterials 100% Polyester 320gsm,Jumper,https://cdn.shopify.com/s/files/1/0571/5447/0066/files/0090_K55033OrangeNavy.png?v=1689222313,79.00,Active,,,,,https://www.totallyworkwear.com.au/products/kinggee-mens-hi-vis-pull-over-hoodie-orange-navy-k55033
wwg-twe-fxd-mens-wp-3-stretch-work-pant-black,wwg-twe-fxd-mens-wp-3-stretch-work-pant-black,FXD Men's WP-3 Stretch Work Pants - Black,FXD,FXD WPO.3 Stretch Work Pants In-Navy Are A Regular Fit With A Slimmer Leg.The WP.3 Stretch Work Pant Is The Most Comfortable Work Pant On The Market And Features Dura500 Advanced Nylon And Polyurethane Abrasion Panels On The Pockets. FXD Wp.3 Stretch Work Pants Are Built For Movement And Unmatched Comfort. Regular fit Reverse peach twill 360 degree garmet stretch DURA500 re-enforced stress points & attachment loop Full YKK zip fly Flipped back yoke / Knee panel stretch Double layer internal pocket bag Dual back welt pockets Triple needle stitching Materials 8.8 oz / 295gsm Formatik fabric,Pant,https://cdn.shopify.com/s/files/1/0571/5447/0066/files/0171_WP3Black.png?v=1687849275,109.00,Active,,,,,https://www.totallyworkwear.com.au/products/fxd-mens-wp-3-stretch-work-pant-black
wwg-twe-rainbird-mens-stowaway-jacket-black-8004,wwg-twe-rainbird-mens-stowaway-jacket-black-8004,Rainbird Men's Stowaway Jacket - Black,Totally Workwear,"Fully seam-sealed, breathable and waterproof, the adults STOWaway jacket is always a favourite. With a unisex style, high-quality construction and soft hand feel, it also comes in a variety of colours; one to suit any outfit or activity. Best of all? The STOWaway does exactly that, it folds down into a small take anywhere package and can even pack down into its own pocket.Model wears size L | 181cm 5’11″ tallFEATURES & SPECS 100% Polyester PU performance backing Waterproof 7,000mm Breathable 7,000mvp UPF 50+ Unisex style Fully seam sealed Front and back ventilation Fully lined Drawcord hem Fold-away stay dry hood Stows away in front pocket Comes packed in its own compact STOWaway bag Fluoro colours: meet standards AS/NZS 4602.1:2011 Class D, and AS/NZS 1906.4:2010 Class F (W)",Jacket,https://cdn.shopify.com/s/files/1/0571/5447/0066/files/0446_8004Black.png?v=1687406505,99.00,Active,,,,,https://www.totallyworkwear.com.au/products/rainbird-mens-stowaway-jacket-black-8004
wwg-twe-kinggee-mens-drill-utility-shorts-khaki-k07010,wwg-twe-kinggee-mens-drill-utility-shorts-khaki-k07010,KingGee Men's Drill Utility Shorts - Khaki,King Gee,"KingGee Originals delivers tried and tested classic workwear pieces, trusted by generations of workers. You can count on KingGee Originals. Features Single pleat shorts Wide opening side pockets with Fob pocket Twin back welt pockets Smart phone welt pocket at back Reinforced stitching at stress points Adjustable side tabs with plastic buckle Materials Cotton Drill Weight 310gsm",Short,https://cdn.shopify.com/s/files/1/0571/5447/0066/files/0351_K07010Khaki.png?v=1687414023,49.00,Active,,,,,https://www.totallyworkwear.com.au/products/kinggee-mens-drill-utility-shorts-khaki-k07010
wwg-twe-kinggee-mens-originals-spliced-hi-vis-taped-gusset-cuff-l-s-shirt-orange-navy-k5,wwg-twe-kinggee-mens-originals-spliced-hi-vis-taped-gusset-cuff-l-s-shirt-orange-navy-k5,KingGee Men's Originals Spliced Hi-Vis Taped Gusset Cuff L/S Shirt - Orange/Navy,King Gee,"KingGee Originals Hi-Vis Gusset Cuff L/S ShirtOriginals Hi-Vis taped shirt crafted for versatility and ease of movement, this shirt is designed to meet the needs of active tradies. It features twin chest pockets with flap and button closures, a pen partition on the left-hand side, and gusset sleeve placket. Suitable for a variety of industrial usesProduct Features: Two secure chest pockets with pen partition 50mm ReflecTEC tape 2 piece collar for comfort Gusset sleeve placket with two button closures",Shirt,https://cdn.shopify.com/s/files/1/0571/5447/0066/files/6_688c74bf-59a2-44a0-befc-c245d68a1949.png?v=1776299150,65.00,Active,,,,,https://www.totallyworkwear.com.au/products/kinggee-mens-originals-spliced-hi-vis-taped-gusset-cuff-l-s-shirt-orange-navy-k54936
wwg-twe-rb-sellars-womens-kate-1-2-zip-jumper-classic-navy-wju5004,wwg-twe-rb-sellars-womens-kate-1-2-zip-jumper-classic-navy-wju5004,RB Sellars Women's Kate 1/2 Zip Jumper - Classic Navy,Totally Workwear,"A best seller year in and year out, the Kate Jumper won't disappoint. With lots of colours to choose from, you'll have them in high rotation through the cooler months. In a 100% premium cotton and relaxed fit, the Kate is a go-to from kicking about the yards to running errands around town.Details & Fit 100% Australian cotton premium fleece Garment dyed Vintage wash Pre-shrunk Year round weight 380g Half zip front with ribbed inner stand collar Premium YKK zip Rib waistband & cuffs Relaxed fitChelsea wears size 8Height: 177cmRemember to wash separately and to dry away from sunlight. Due to a fabric treatment that gives it a vintage look, colour fading will occur with washing.",Jumper,https://cdn.shopify.com/s/files/1/0571/5447/0066/files/Untitleddesign-2025-11-18T153818.782.png?v=1763440712,79.95,Active,,,,,https://www.totallyworkwear.com.au/products/rb-sellars-womens-kate-1-2-zip-jumper-classic-navy-wju5004
wwg-twe-nxp-mens-bulldogs-ethic-tee-work-orange-waflwb-t01,wwg-twe-nxp-mens-bulldogs-ethic-tee-work-orange-waflwb-t01,NXP Men's Bulldogs Ethic Tee - Work Orange,Totally Workwear,"Stand out while you clock in. The Western Bulldogs Ethic Tee in Work Orange brings bold colour and comfort together for an essential work-ready layer.Built for Movement: Made from 185GSM midweight cotton with a slim cut through the body and arms – complete with a longline curved hem. Made from 40% recycled cotton.Unbeatable Odour Defence: The inclusion of Silvadur™️ fabric treatment ensures lasting freshness by combatting odour-causing bacteria, keeping you feeling fresh and comfortable all day long.Colour Hit: The bold Work Orange colourway reps the Western Bulldogs loud and proud.",Tee/T-Shirt,https://cdn.shopify.com/s/files/1/0571/5447/0066/files/WAFLWB-T01-WORG-2177.jpg?v=1755479540,59.00,Active,,,,,https://www.totallyworkwear.com.au/products/nxp-mens-bulldogs-ethic-tee-work-orange-waflwb-t01
wwg-twe-hard-yakka-mens-pullup-leather-boot-taupe-suede-y61063,wwg-twe-hard-yakka-mens-pullup-leather-boot-taupe-suede-y61063,Mustang Men's Pullup Leather Boot - Taupe Suede,Totally Workwear,"Step into rugged sophistication with the Mustang Signature Men’s Pull-up Leather Boot. Crafted from premium quality leather, these boots are built to withstand the demands of farm life and beyond. With their pull-up design and classic silhouette, they offer effortless style and unbeatable comfort. Whether you're working outdoors or exploring the countryside, Mustang Signature Leather Boots keep you grounded in style and durability. Goodyear welt Leather Upper Rubber sole Leather Topped Insole Leather lining Branded Pull Loops Elastic Gusset Crafted from premium hand selected leathers",Boot,https://cdn.shopify.com/s/files/1/0571/5447/0066/files/b7b536fa-f99a-4e7f-bd56-c4410d0d02b3_1.jpg?v=1749786983,349.00,Active,,,,,https://www.totallyworkwear.com.au/products/hard-yakka-mens-pullup-leather-boot-taupe-suede-y61063
wwg-twe-nnt-womens-helen-scrub-top-pink-catuwx,wwg-twe-nnt-womens-helen-scrub-top-pink-catuwx,NNT Women's Helen Scrub Top - Pink,NNT,"FEATURES • V neck pull on style• Short sleeve• Mid length • 2 hip pockets• Contrast key loops at RHS shoulder & LHS pocket• Side splits at hem for ease of movement• High stretch rib fabric side panels for extra stretch & comfortMATERIAL• Invigorate 4-Way Stretch 77% Polyester, 18% Viscose, 5% Elastane• Invigorate 4 way stretch fabric with Polygiene® antibacterial finish. This fabric is wrinkle resistant, soft to the touch and made with 77% recycled polyester. Polyester in this fabric is recycled polyester from post consumer waste materials, including recycled plastic bottles• Made with OEKO-TEX Standard 100 certified fabric.CARE• Wash seperately before use• Warm gentle cycle machine wash• Do not bleach• Cool tumble dry• Line dry in shade• Do not iron print• Cool Iron• Do not dry clean",Totally Workwear,https://cdn.shopify.com/s/files/1/0571/5447/0066/files/49861112-79bd-4b32-94b6-bbe853e7f2a8.jpg?v=1739326232,49.00,Active,,,,,https://www.totallyworkwear.com.au/products/nnt-womens-helen-scrub-top-pink-catuwx
wwg-twe-hard-yakka-mens-core-fleece-zip-hoodie-navy-y19542,wwg-twe-hard-yakka-mens-core-fleece-zip-hoodie-navy-y19542,Hard Yakka Men's Core Fleece Zip Hoodie - Navy,Hard Yakka,"Totally Workwear - Australia’s largest network service provider of Workwear, Work Boots, Footwear, Hi Vis, Safety and Uniforms.",Jumper,https://cdn.shopify.com/s/files/1/0571/5447/0066/files/Y19542_NAV_1.jpg?v=1719466644,85.00,Active,,,,,https://www.totallyworkwear.com.au/products/hard-yakka-mens-core-fleece-zip-hoodie-navy-y19542
wwg-twe-kinggee-womens-reflective-1-4-zip-fleece-yellow-navy-k45009,wwg-twe-kinggee-womens-reflective-1-4-zip-fleece-yellow-navy-k45009,KingGee Women's Reflective 1/4 Zip Fleece - Yellow/Navy,King Gee,"The go-to winter warmer. The Hi-Vis 1/4 Zip Fleece features a large kangaroo pocket and ribbed cuffs and waist, ensuring a perfect fit and keeping you warm through the coldest weather. Women's fit Front Kangaroo pocket Welt phone pocket & Twin pen pocket on sleeve Stand collar with 1/4 zip neck opening Rib hem and cuff Stretch 50mm ReflecTEC tape Materials: 120% Polyester, 320gsm brushed fleece.",Jumper,https://cdn.shopify.com/s/files/1/0571/5447/0066/files/K45009_YNA_1.jpg?v=1709186040,79.00,Active,,,,,https://www.totallyworkwear.com.au/products/kinggee-womens-reflective-1-4-zip-fleece-yellow-navy-k45009
wwg-twe-blundstone-8863-rotoflex-womens-zip-up-safety-boot-womens-stone-twb0n3,wwg-twe-blundstone-8863-rotoflex-womens-zip-up-safety-boot-womens-stone-twb0n3,Blundstone Women's 8863 RotoFlex Zip-Up Safety Boots - Stone TWB0N3,Blundstone,"Serious safety meets serious style. Designed and made for women, the stone nubuck #8863 is built to protect from the ground up without compromising on all-day comfort. Women's specific fit Stone water-resistant nubuck leather upper safety boot 150mm height 6 eyelet lace up with unique metal free, friction resistant lace rings Laces are manufactured from recycled PET Durable, heavy duty zip with industrial grade zip fastener New lining made from recycled PET offers moisture wicking and long-lasting performance Streamlined TPU toe guard for added leather protection INFINERGY E-TPU, a super elastic energy foam that is soft but resilient, providing enhanced cushioning and reducing the impact of every step. GRIPTEK HD biomechanically designed TPU outsole designed for optimum grip and stability. abrasion resistant and heat resistant to 140 degrees Celsius oil, acid and organic fat resistant highly resistant to hydrolysis and microbial attack FORTALITE broad fitting compression-resistant composite toe cap provides safety without the weight. Tested to resist a 200 joule impact. AIRCELL uniquely constructed zoned airflow footbed is designed with specialised breathing channels to activate ventilation, moisture control and provide full-body cushioned comfort. The footbed is anti-bacterial, washable and breathable. SOFTCELL the overarching comfort system utilising a combination of specialist materials and the unique biomechanical foot-cradling design to increase stability, balance, comfo",Boot,https://cdn.shopify.com/s/files/1/0571/5447/0066/files/0111_8863Stone.png?v=1689210368,259.00,Active,,,,,https://www.totallyworkwear.com.au/products/blundstone-8863-rotoflex-womens-zip-up-safety-boot-womens-stone-twb0n3
wwg-twe-pro-choice-unisex-prosense-c5-cut-5-with-pu-palm-glove-grey-c5pud,wwg-twe-pro-choice-unisex-prosense-c5-cut-5-with-pu-palm-glove-grey-c5pud,Pro Choice Unisex Prosense C5 Cut 5 With PU Palm Glove - Grey,Pro Choice,13 gauge EN388:2016 Cut Level D seamless liner Excellent cut resistance without sacrificing comfort or dexterity Grey PU dip for comfort & dexterity Form fitting for comfortable all-day wear Breathable liner,Glove,https://cdn.shopify.com/s/files/1/0571/5447/0066/files/0149_C5PUDGrey.png?v=1690171758,12.00,Active,,,,,https://www.totallyworkwear.com.au/products/pro-choice-unisex-prosense-c5-cut-5-with-pu-palm-glove-grey-c5pud
wwg-twe-jbs-wear-mens-hi-vis-reversible-taped-vest-lime-navy-6d4rv,wwg-twe-jbs-wear-mens-hi-vis-reversible-taped-vest-lime-navy-6d4rv,JB's Wear Men's Hi Vis Reversible Taped Vest - Lime/Navy,Totally Workwear,"JB's reflective tape stands up to 50 times domestic wash Complies with Standards AS/NZS 1906.4:2010 and AS/NZS 4602.1:2011 Day and Night Front pockets Embroidery access at inner bottom hem with hook pile tape closure Zips into 6DNLL Hi Vis (D+N) Long Line Jacket URBAN FIT Materials: Shell: 100% Polyester Oxford 300d with PU coating Lining: 290 gsm polar pleece contrast colour Waterproof rating 20,000mm with sealed seams",Vest,https://cdn.shopify.com/s/files/1/0571/5447/0066/files/0251_6D4RVLimeNavy.png?v=1689303589,55.00,Active,,,,,https://www.totallyworkwear.com.au/products/jbs-wear-mens-hi-vis-reversible-taped-vest-lime-navy-6d4rv
wwg-twe-hard-yakka-mens-legends-xtreme-cargo-pant-khaki-black-y02210,wwg-twe-hard-yakka-mens-legends-xtreme-cargo-pant-khaki-black-y02210,Hard Yakka Men's Legends Xtreme Cargo Pants - Khaki/Black,Hard Yakka,"Xtreme toughness and Xtreme practicality. The Hard Yakka Legends Xtreme pants are a legend for a reason. Articulated fit for comfort & freedom of movement Cordura reinforcement on key abrasion zones such as knees and pockets Swing away pockets multiply storage for easy access to tools Triple stitched for added strength Materials 340gsm, 100% cotton Panama weave with silicone wash",Pant,https://cdn.shopify.com/s/files/1/0571/5447/0066/files/0121_Y02210KhakiBlack.png?v=1688020314,105.00,Active,,,,,https://www.totallyworkwear.com.au/products/hard-yakka-mens-legends-xtreme-cargo-pant-khaki-black-y02210
wwg-twe-kinggee-mens-urban-coolmax-denim-jeans-vintage-k13006,wwg-twe-kinggee-mens-urban-coolmax-denim-jeans-vintage-k13006,KingGee Men's Urban Coolmax Denim Jeans - Vintage,King Gee,"Coolmax Allseasons comofrt technology Stretch denim with internal comfort stretch waistband Two front pockets, two back patch pockets Two utility pockets RHS Crotch gusset for improved movement Slim fit pant Materials 71% Cotton 28% Coolmax 1% Lycra 11.5oz",Totally Workwear,https://cdn.shopify.com/s/files/1/0571/5447/0066/files/0339_K13006Vintage.png?v=1687415073,109.00,Active,,,,,https://www.totallyworkwear.com.au/products/kinggee-mens-urban-coolmax-denim-jeans-vintage-k13006
wwg-twe-kinggee-mens-tradies-utility-cargo-pant-charcoal-k69860,wwg-twe-kinggee-mens-tradies-utility-cargo-pant-charcoal-k69860,KingGee Men's Tradies Utility Cargo Pants - Charcoal,King Gee,"KingGee Tradies range offers functional workwear with a fashion edge. This range delivers a full range of wardrobe options for the whole year round, catering to a wide variety of working conditions.Features Tough and durable with stretch Bar tacked and riveted at key stress points Straight fit with tapered leg Pleated knees for improved movement Gusseted crotch for improved mobility Poly Oxford reinforcing in key wear areas Multiple storage pockets, including bellowed cargo pockets Materials Cotton/Poly/Elastane 260gsm",Pant,https://cdn.shopify.com/s/files/1/0571/5447/0066/files/0194_K69860Charcoal.png?v=1687847866,89.00,Active,,,,,https://www.totallyworkwear.com.au/products/kinggee-mens-tradies-utility-cargo-pant-charcoal-k69860
wwg-twe-kinggee-mens-tradies-shirt-short-sleeve-khaki-k14355,wwg-twe-kinggee-mens-tradies-shirt-short-sleeve-khaki-k14355,KingGee Men's Tradies Short Sleeve Shirt - Khaki,King Gee,"KingGee Tradies range offers functional workwear with a fashion edge. This range delivers a full range of wardrobe options for the whole year round, catering to a wide variety of working conditions.Features Slim fit, shorter length shirt Lightweight breathable fabric 2 angled chest pockets with stud closures Box pleats for added movement Light enzyme wash for instant comfort Materials Cotton twill 145gsm",Short,https://cdn.shopify.com/s/files/1/0571/5447/0066/files/0282_K14355Khaki.png?v=1687751513,59.00,Active,,,,,https://www.totallyworkwear.com.au/products/kinggee-mens-tradies-shirt-short-sleeve-khaki-k14355